ID;TITLE;LINK
84;"Frankenstein; Or, The Modern Prometheus by Mary Wollstonecraft Shelley (4520)";https://www.gutenberg.org/ebooks/84
25558;"呻吟語 by Kun Lü (3636)";https://www.gutenberg.org/ebooks/25558
2701;"Moby Dick; Or, The Whale by Herman Melville (2703)";https://www.gutenberg.org/ebooks/2701
1513;"Romeo and Juliet by William Shakespeare (2342)";https://www.gutenberg.org/ebooks/1513
46;"A Christmas Carol in Prose; Being a Ghost Story of Christmas by Charles Dickens (2287)";https://www.gutenberg.org/ebooks/46
24162;"二刻拍案惊奇 by Mengchu Ling (2067)";https://www.gutenberg.org/ebooks/24162
145;"Middlemarch by George Eliot (1755)";https://www.gutenberg.org/ebooks/145
11;"Alice's Adventures in Wonderland by Lewis Carroll (1723)";https://www.gutenberg.org/ebooks/11
100;"The Complete Works of William Shakespeare by William Shakespeare (1723)";https://www.gutenberg.org/ebooks/100
1342;"Pride and Prejudice by Jane Austen (1708)";https://www.gutenberg.org/ebooks/1342
73397;"Vasari on technique : by Giorgio Vasari (1685)";https://www.gutenberg.org/ebooks/73397
2641;"A Room with a View by E. M.  Forster (1675)";https://www.gutenberg.org/ebooks/2641
37106;"Little Women; Or, Meg, Jo, Beth, and Amy by Louisa May Alcott (1625)";https://www.gutenberg.org/ebooks/37106
2542;"A Doll's House : a play by Henrik Ibsen (1531)";https://www.gutenberg.org/ebooks/2542
67979;"The Blue Castle: a novel by L. M.  Montgomery (1487)";https://www.gutenberg.org/ebooks/67979
16389;"The Enchanted April by Elizabeth Von Arnim (1454)";https://www.gutenberg.org/ebooks/16389
25344;"The Scarlet Letter by Nathaniel Hawthorne (1383)";https://www.gutenberg.org/ebooks/25344
6761;"The Adventures of Ferdinand Count Fathom — Complete by T.  Smollett (1380)";https://www.gutenberg.org/ebooks/6761
394;"Cranford by Elizabeth Cleghorn Gaskell (1372)";https://www.gutenberg.org/ebooks/394
2160;"The Expedition of Humphry Clinker by T.  Smollett (1362)";https://www.gutenberg.org/ebooks/2160
6593;"History of Tom Jones, a Foundling by Henry Fielding (1357)";https://www.gutenberg.org/ebooks/6593
4085;"The Adventures of Roderick Random by T.  Smollett (1344)";https://www.gutenberg.org/ebooks/4085
5197;"My Life — Volume 1 by Richard Wagner (1321)";https://www.gutenberg.org/ebooks/5197
1259;"Twenty years after by Alexandre Dumas and Auguste Maquet (1294)";https://www.gutenberg.org/ebooks/1259
174;"The Picture of Dorian Gray by Oscar Wilde (1280)";https://www.gutenberg.org/ebooks/174
2055;"Two Years Before the Mast by Richard Henry Dana (1243)";https://www.gutenberg.org/ebooks/2055
844;"The Importance of Being Earnest: A Trivial Comedy for Serious People by Oscar Wilde (1199)";https://www.gutenberg.org/ebooks/844
64317;"The Great Gatsby by F. Scott  Fitzgerald (1158)";https://www.gutenberg.org/ebooks/64317
43;"The Strange Case of Dr. Jekyll and Mr. Hyde by Robert Louis Stevenson (1118)";https://www.gutenberg.org/ebooks/43
2554;"Crime and Punishment by Fyodor Dostoyevsky (1056)";https://www.gutenberg.org/ebooks/2554
1260;"Jane Eyre: An Autobiography by Charlotte Brontë (974)";https://www.gutenberg.org/ebooks/1260
5200;"Metamorphosis by Franz Kafka (971)";https://www.gutenberg.org/ebooks/5200
76;"Adventures of Huckleberry Finn by Mark Twain (915)";https://www.gutenberg.org/ebooks/76
345;"Dracula by Bram Stoker (914)";https://www.gutenberg.org/ebooks/345
1080;"A Modest Proposal by Jonathan Swift (897)";https://www.gutenberg.org/ebooks/1080
98;"A Tale of Two Cities by Charles Dickens (827)";https://www.gutenberg.org/ebooks/98
1952;"The Yellow Wallpaper by Charlotte Perkins Gilman (754)";https://www.gutenberg.org/ebooks/1952
1400;"Great Expectations by Charles Dickens (720)";https://www.gutenberg.org/ebooks/1400
1232;"The Prince by Niccolò Machiavelli (689)";https://www.gutenberg.org/ebooks/1232
4300;"Ulysses by James Joyce (679)";https://www.gutenberg.org/ebooks/4300
3207;"Leviathan by Thomas Hobbes (674)";https://www.gutenberg.org/ebooks/3207
1661;"The Adventures of Sherlock Holmes by Arthur Conan Doyle (664)";https://www.gutenberg.org/ebooks/1661
74799;"Adobe days : by Sarah Bixby-Smith (645)";https://www.gutenberg.org/ebooks/74799
74800;"L'Auvergne by Jean Ajalbert (645)";https://www.gutenberg.org/ebooks/74800
55;"The Wonderful Wizard of Oz by L. Frank  Baum (638)";https://www.gutenberg.org/ebooks/55
28054;"The Brothers Karamazov by Fyodor Dostoyevsky (628)";https://www.gutenberg.org/ebooks/28054
1998;"Thus Spake Zarathustra: A Book for All and None by Friedrich Wilhelm Nietzsche (628)";https://www.gutenberg.org/ebooks/1998
74796;"Viola's vanity : by Mrs. Alex. McVeigh Miller (627)";https://www.gutenberg.org/ebooks/74796
50150;"The Devil is an Ass by Ben Jonson (610)";https://www.gutenberg.org/ebooks/50150
2000;"Don Quijote by Miguel de Cervantes Saavedra (584)";https://www.gutenberg.org/ebooks/2000
2600;"War and Peace by graf Leo Tolstoy (583)";https://www.gutenberg.org/ebooks/2600
45;"Anne of Green Gables by L. M.  Montgomery (578)";https://www.gutenberg.org/ebooks/45
2650;"Du côté de chez Swann by Marcel Proust (573)";https://www.gutenberg.org/ebooks/2650
74798;"Tolerance by Hendrik Willem Van Loon (563)";https://www.gutenberg.org/ebooks/74798
2591;"Grimms' Fairy Tales by Jacob Grimm and Wilhelm Grimm (554)";https://www.gutenberg.org/ebooks/2591
74802;"Shells by Ella Wheeler Wilcox (541)";https://www.gutenberg.org/ebooks/74802
7370;"Second Treatise of Government by John Locke (533)";https://www.gutenberg.org/ebooks/7370
408;"The Souls of Black Folk by W. E. B.  Du Bois (532)";https://www.gutenberg.org/ebooks/408
1184;"The Count of Monte Cristo by Alexandre Dumas and Auguste Maquet (510)";https://www.gutenberg.org/ebooks/1184
768;"Wuthering Heights by Emily Brontë (509)";https://www.gutenberg.org/ebooks/768
35899;"The Philippines a Century Hence by José Rizal (506)";https://www.gutenberg.org/ebooks/35899
4363;"Beyond Good and Evil by Friedrich Wilhelm Nietzsche (505)";https://www.gutenberg.org/ebooks/4363
135;"Les Misérables by Victor Hugo (498)";https://www.gutenberg.org/ebooks/135
5740;"Tractatus Logico-Philosophicus by Ludwig Wittgenstein (496)";https://www.gutenberg.org/ebooks/5740
6130;"The Iliad by Homer (495)";https://www.gutenberg.org/ebooks/6130
74;"The Adventures of Tom Sawyer, Complete by Mark Twain (495)";https://www.gutenberg.org/ebooks/74
44392;"The Arts and Crafts of Older Spain, Volume 2 (of 3) by Leonard Williams (493)";https://www.gutenberg.org/ebooks/44392
41;"The Legend of Sleepy Hollow by Washington Irving (482)";https://www.gutenberg.org/ebooks/41
205;"Walden, and On The Duty Of Civil Disobedience by Henry David Thoreau (482)";https://www.gutenberg.org/ebooks/205
2814;"Dubliners by James Joyce (481)";https://www.gutenberg.org/ebooks/2814
3296;"The Confessions of St. Augustine by Bishop of Hippo Saint Augustine (464)";https://www.gutenberg.org/ebooks/3296
8492;"The King in Yellow by Robert W.  Chambers (464)";https://www.gutenberg.org/ebooks/8492
16119;"Doctrina Christiana (459)";https://www.gutenberg.org/ebooks/16119
219;"Heart of Darkness by Joseph Conrad (452)";https://www.gutenberg.org/ebooks/219
24022;"A Christmas Carol by Charles Dickens (436)";https://www.gutenberg.org/ebooks/24022
244;"A Study in Scarlet by Arthur Conan Doyle (428)";https://www.gutenberg.org/ebooks/244
1727;"The Odyssey by Homer (427)";https://www.gutenberg.org/ebooks/1727
1497;"The Republic by Plato (424)";https://www.gutenberg.org/ebooks/1497
36034;"White Nights and Other Stories by Fyodor Dostoyevsky (424)";https://www.gutenberg.org/ebooks/36034
44391;"The Arts and Crafts of Older Spain, Volume 1 (of 3) by Leonard Williams (423)";https://www.gutenberg.org/ebooks/44391
996;"Don Quixote by Miguel de Cervantes Saavedra (403)";https://www.gutenberg.org/ebooks/996
34901;"On Liberty by John Stuart Mill (393)";https://www.gutenberg.org/ebooks/34901
514;"Little Women by Louisa May Alcott (391)";https://www.gutenberg.org/ebooks/514
2852;"The Hound of the Baskervilles by Arthur Conan Doyle (388)";https://www.gutenberg.org/ebooks/2852
2680;"Meditations by Emperor of Rome Marcus Aurelius (388)";https://www.gutenberg.org/ebooks/2680
8800;"The divine comedy by Dante Alighieri (385)";https://www.gutenberg.org/ebooks/8800
779;"The Tragical History of Doctor Faustus by Christopher Marlowe (383)";https://www.gutenberg.org/ebooks/779
43627;"Strange Stories from a Chinese Studio, Vol. 1 (of 2) by Songling Pu (382)";https://www.gutenberg.org/ebooks/43627
27761;"Hamlet, Prince of Denmark by William Shakespeare (382)";https://www.gutenberg.org/ebooks/27761
16328;"Beowulf: An Anglo-Saxon Epic Poem (375)";https://www.gutenberg.org/ebooks/16328
30254;"The Romance of Lust: A classic Victorian erotic novel by Anonymous (369)";https://www.gutenberg.org/ebooks/30254
33283;"Calculus Made Easy by Silvanus P.  Thompson (369)";https://www.gutenberg.org/ebooks/33283
10676;"The Reign of Greed by José Rizal (367)";https://www.gutenberg.org/ebooks/10676
10615;"An Essay Concerning Humane Understanding, Volume 1 by John Locke (364)";https://www.gutenberg.org/ebooks/10615
1251;"Le Morte d'Arthur: Volume 1 by Sir Thomas Malory (359)";https://www.gutenberg.org/ebooks/1251
27104;"歸蓮夢 by active 18th century Su'anzhuren (359)";https://www.gutenberg.org/ebooks/27104
27827;"The Kama Sutra of Vatsyayana by Vatsyayana (358)";https://www.gutenberg.org/ebooks/27827
74793;"What happened to Tad by Mary E.  Ropes (358)";https://www.gutenberg.org/ebooks/74793
31552;"Novo dicionário da língua portuguesa by Cândido de Figueiredo (356)";https://www.gutenberg.org/ebooks/31552
67098;"Winnie-the-Pooh by A. A.  Milne (350)";https://www.gutenberg.org/ebooks/67098
52319;"The Genealogy of Morals by Friedrich Wilhelm Nietzsche (342)";https://www.gutenberg.org/ebooks/52319
10623;"Plays by Susan Glaspell (340)";https://www.gutenberg.org/ebooks/10623
19942;"Candide by Voltaire (330)";https://www.gutenberg.org/ebooks/19942
10007;"Carmilla by Joseph Sheridan Le Fanu (330)";https://www.gutenberg.org/ebooks/10007
730;"Oliver Twist by Charles Dickens (329)";https://www.gutenberg.org/ebooks/730
158;"Emma by Jane Austen (328)";https://www.gutenberg.org/ebooks/158
2148;"The Works of Edgar Allan Poe — Volume 2 by Edgar Allan Poe (325)";https://www.gutenberg.org/ebooks/2148
31284;"Josefine Mutzenbacher by Felix Salten (323)";https://www.gutenberg.org/ebooks/31284
23;"Narrative of the Life of Frederick Douglass, an American Slave by Frederick Douglass (323)";https://www.gutenberg.org/ebooks/23
16;"Peter Pan by J. M.  Barrie (316)";https://www.gutenberg.org/ebooks/16
829;"Gulliver's Travels into Several Remote Nations of the World by Jonathan Swift (311)";https://www.gutenberg.org/ebooks/829
5827;"The Problems of Philosophy by Bertrand Russell (303)";https://www.gutenberg.org/ebooks/5827
8438;"The Ethics of Aristotle by Aristotle (300)";https://www.gutenberg.org/ebooks/8438
4280;"The Critique of Pure Reason by Immanuel Kant (296)";https://www.gutenberg.org/ebooks/4280
17489;"Les misérables Tome I: Fantine by Victor Hugo (295)";https://www.gutenberg.org/ebooks/17489
72890;"The eternal moment, and other stories by E. M.  Forster (293)";https://www.gutenberg.org/ebooks/72890
15399;"The Interesting Narrative of the Life of Olaudah Equiano, Or Gustavus Vassa, The African by Equiano (289)";https://www.gutenberg.org/ebooks/15399
105;"Persuasion by Jane Austen (288)";https://www.gutenberg.org/ebooks/105
600;"Notes from the Underground by Fyodor Dostoyevsky (286)";https://www.gutenberg.org/ebooks/600
120;"Treasure Island by Robert Louis Stevenson (284)";https://www.gutenberg.org/ebooks/120
398;"The First Book of Adam and Eve by Rutherford Hayes Platt (277)";https://www.gutenberg.org/ebooks/398
7700;"Lysistrata by Aristophanes (275)";https://www.gutenberg.org/ebooks/7700
11030;"Incidents in the Life of a Slave Girl, Written by Herself by Harriet A.  Jacobs (273)";https://www.gutenberg.org/ebooks/11030
1399;"Anna Karenina by graf Leo Tolstoy (270)";https://www.gutenberg.org/ebooks/1399
43628;"Strange Stories from a Chinese Studio, Vol. 2 (of 2) by Songling Pu (269)";https://www.gutenberg.org/ebooks/43628
22381;"Myths and Legends of Ancient Greece and Rome by E. M. Berens (268)";https://www.gutenberg.org/ebooks/22381
41445;"Frankenstein; Or, The Modern Prometheus by Mary Wollstonecraft Shelley (267)";https://www.gutenberg.org/ebooks/41445
42324;"Frankenstein; Or, The Modern Prometheus by Mary Wollstonecraft Shelley (267)";https://www.gutenberg.org/ebooks/42324
19337;"A Christmas Carol by Charles Dickens (266)";https://www.gutenberg.org/ebooks/19337
3825;"Pygmalion by Bernard Shaw (266)";https://www.gutenberg.org/ebooks/3825
36;"The War of the Worlds by H. G.  Wells (265)";https://www.gutenberg.org/ebooks/36
4217;"A Portrait of the Artist as a Young Man by James Joyce (265)";https://www.gutenberg.org/ebooks/4217
3600;"Essays of Michel de Montaigne — Complete by Michel de Montaigne (263)";https://www.gutenberg.org/ebooks/3600
58585;"The Prophet by Kahlil Gibran (263)";https://www.gutenberg.org/ebooks/58585
20228;"Noli Me Tangere by José Rizal (252)";https://www.gutenberg.org/ebooks/20228
786;"Hard Times by Charles Dickens (252)";https://www.gutenberg.org/ebooks/786
40739;"Die Traumdeutung by Sigmund Freud (250)";https://www.gutenberg.org/ebooks/40739
21765;"The Metamorphoses of Ovid, Books I-VII by Ovid (245)";https://www.gutenberg.org/ebooks/21765
35;"The Time Machine by H. G.  Wells (245)";https://www.gutenberg.org/ebooks/35
12;"Through the Looking-Glass by Lewis Carroll (245)";https://www.gutenberg.org/ebooks/12
2848;"Antiquities of the Jews by Flavius Josephus (243)";https://www.gutenberg.org/ebooks/2848
26;"Paradise Lost by John Milton (241)";https://www.gutenberg.org/ebooks/26
161;"Sense and Sensibility by Jane Austen (239)";https://www.gutenberg.org/ebooks/161
521;"The Life and Adventures of Robinson Crusoe by Daniel Defoe (239)";https://www.gutenberg.org/ebooks/521
69087;"The murder of Roger Ackroyd by Agatha Christie (237)";https://www.gutenberg.org/ebooks/69087
7142;"The History of the Peloponnesian War by Thucydides (237)";https://www.gutenberg.org/ebooks/7142
15272;"Spenser's The Faerie Queene, Book I by Edmund Spenser (236)";https://www.gutenberg.org/ebooks/15272
1228;"On the Origin of Species By Means of Natural Selection by Charles Darwin (234)";https://www.gutenberg.org/ebooks/1228
43453;"A Pickle for the Knowing Ones by Timothy Dexter (232)";https://www.gutenberg.org/ebooks/43453
12116;"Struwwelpeter: Merry Stories and Funny Pictures by Heinrich Hoffmann (231)";https://www.gutenberg.org/ebooks/12116
4517;"Ethan Frome by Edith Wharton (231)";https://www.gutenberg.org/ebooks/4517
132;"The Art of War by active 6th century B.C. Sunzi (231)";https://www.gutenberg.org/ebooks/132
766;"David Copperfield by Charles Dickens (230)";https://www.gutenberg.org/ebooks/766
3300;"An Inquiry into the Nature and Causes of the Wealth of Nations by Adam Smith (230)";https://www.gutenberg.org/ebooks/3300
2413;"Madame Bovary by Gustave Flaubert (227)";https://www.gutenberg.org/ebooks/2413
203;"Uncle Tom's Cabin by Harriet Beecher Stowe (222)";https://www.gutenberg.org/ebooks/203
10;"The King James Version of the Bible (216)";https://www.gutenberg.org/ebooks/10
17450;"The Part Borne by the Dutch in the Discovery of Australia 1606-1765 by J. E.  Heeres (215)";https://www.gutenberg.org/ebooks/17450
1524;"Hamlet, Prince of Denmark by William Shakespeare (214)";https://www.gutenberg.org/ebooks/1524
15474;"The Mahabharata of Krishna-Dwaipayana Vyasa, Volume 1 (213)";https://www.gutenberg.org/ebooks/15474
1533;"Macbeth by William Shakespeare (211)";https://www.gutenberg.org/ebooks/1533
14591;"Faust [part 1]. Translated Into English in the Original Metres by Johann Wolfgang von Goethe (211)";https://www.gutenberg.org/ebooks/14591
5131;"Childe Harold's Pilgrimage by Baron George Gordon Byron Byron (210)";https://www.gutenberg.org/ebooks/5131
27673;"Oedipus King of Thebes by Sophocles (207)";https://www.gutenberg.org/ebooks/27673
70891;"Notre-Dame de Paris - Tome 1 by Victor Hugo (202)";https://www.gutenberg.org/ebooks/70891
72679;"The lesser Key of Solomon, Goetia, the book of evil spirits : (201)";https://www.gutenberg.org/ebooks/72679
3800;"Ethics by Benedictus de Spinoza (199)";https://www.gutenberg.org/ebooks/3800
25305;"Memoirs of Fanny Hill by John Cleland (198)";https://www.gutenberg.org/ebooks/25305
994;"Riders to the Sea by J. M.  Synge (196)";https://www.gutenberg.org/ebooks/994
20203;"Autobiography of Benjamin Franklin by Benjamin Franklin (195)";https://www.gutenberg.org/ebooks/20203
17396;"The Secret Garden by Frances Hodgson Burnett (195)";https://www.gutenberg.org/ebooks/17396
27683;"The World I Live In by Helen Keller (195)";https://www.gutenberg.org/ebooks/27683
160;"The Awakening, and Selected Short Stories by Kate Chopin (194)";https://www.gutenberg.org/ebooks/160
209;"The Turn of the Screw by Henry James (190)";https://www.gutenberg.org/ebooks/209
815;"Democracy in America — Volume 1 by Alexis de Tocqueville (190)";https://www.gutenberg.org/ebooks/815
37134;"The Elements of Style by William Strunk (190)";https://www.gutenberg.org/ebooks/37134
1837;"The Prince and the Pauper by Mark Twain (190)";https://www.gutenberg.org/ebooks/1837
21700;"Don Juan by Baron George Gordon Byron Byron (187)";https://www.gutenberg.org/ebooks/21700
51356;"The Birth of Tragedy; or, Hellenism and Pessimism by Friedrich Wilhelm Nietzsche (186)";https://www.gutenberg.org/ebooks/51356
18269;"Pascal's Pensées by Blaise Pascal (186)";https://www.gutenberg.org/ebooks/18269
215;"The call of the wild by Jack London (185)";https://www.gutenberg.org/ebooks/215
74797;"Maison-Rougen ritari by Alexandre Dumas (185)";https://www.gutenberg.org/ebooks/74797
61;"The Communist Manifesto by Friedrich Engels and Karl Marx (184)";https://www.gutenberg.org/ebooks/61
1600;"Symposium by Plato (183)";https://www.gutenberg.org/ebooks/1600
7256;"The Gift of the Magi by O. Henry (183)";https://www.gutenberg.org/ebooks/7256
2638;"The Idiot by Fyodor Dostoyevsky (182)";https://www.gutenberg.org/ebooks/2638
23042;"The Tempest by William Shakespeare (182)";https://www.gutenberg.org/ebooks/23042
29270;"The Story of the Great War, Volume 2 (182)";https://www.gutenberg.org/ebooks/29270
21279;"2 B R 0 2 B by Kurt Vonnegut (181)";https://www.gutenberg.org/ebooks/21279
164;"Twenty Thousand Leagues under the Sea by Jules Verne (180)";https://www.gutenberg.org/ebooks/164
6737;"The Social Cancer: A Complete English Version of Noli Me Tangere by José Rizal (180)";https://www.gutenberg.org/ebooks/6737
29728;"Cookery and Dining in Imperial Rome by Apicius (179)";https://www.gutenberg.org/ebooks/29728
49965;"Dao De Jing: A Minimalist Translation by Laozi (178)";https://www.gutenberg.org/ebooks/49965
1404;"The Federalist Papers by Alexander Hamilton and John Jay and James Madison (177)";https://www.gutenberg.org/ebooks/1404
45315;"The Marriage of Heaven and Hell by William Blake (177)";https://www.gutenberg.org/ebooks/45315
1514;"A Midsummer Night's Dream by William Shakespeare (177)";https://www.gutenberg.org/ebooks/1514
50285;"Dr. Mabuse, der Spieler by Norbert Jacques (175)";https://www.gutenberg.org/ebooks/50285
1946;"On War by Carl von Clausewitz (175)";https://www.gutenberg.org/ebooks/1946
110;"Tess of the d'Urbervilles: A Pure Woman by Thomas Hardy (173)";https://www.gutenberg.org/ebooks/110
1322;"Leaves of Grass by Walt Whitman (171)";https://www.gutenberg.org/ebooks/1322
58221;"La Odisea by Homer (169)";https://www.gutenberg.org/ebooks/58221
9662;"An Enquiry Concerning Human Understanding by David Hume (169)";https://www.gutenberg.org/ebooks/9662
22367;"Die Verwandlung by Franz Kafka (168)";https://www.gutenberg.org/ebooks/22367
52263;"The Twilight of the Idols; or, How to Philosophize with the Hammer. The Antichrist by Nietzsche (167)";https://www.gutenberg.org/ebooks/52263
308;"Three Men in a Boat (To Say Nothing of the Dog) by Jerome K.  Jerome (167)";https://www.gutenberg.org/ebooks/308
1467;"Some Christmas Stories by Charles Dickens (167)";https://www.gutenberg.org/ebooks/1467
14568;"Sir Gawayne and the Green Knight (166)";https://www.gutenberg.org/ebooks/14568
9800;"The Rape of the Lock, and Other Poems by Alexander Pope (166)";https://www.gutenberg.org/ebooks/9800
2232;"The Duchess of Malfi by John Webster (166)";https://www.gutenberg.org/ebooks/2232
14838;"The Tale of Peter Rabbit by Beatrix Potter (165)";https://www.gutenberg.org/ebooks/14838
55317;"The Meditations of the Emperor Marcus Aurelius Antoninus by Emperor of Rome Marcus Aurelius (165)";https://www.gutenberg.org/ebooks/55317
47629;"Ang "Filibusterismo" (Karugtóng ng Noli Me Tangere) by José Rizal (165)";https://www.gutenberg.org/ebooks/47629
16527;"1001 задача для умственного счета by Sergei Aleksandrovich Rachinskii (164)";https://www.gutenberg.org/ebooks/16527
1636;"Phaedrus by Plato (164)";https://www.gutenberg.org/ebooks/1636
236;"The Jungle Book by Rudyard Kipling (163)";https://www.gutenberg.org/ebooks/236
1754;"The Sea-Gull by Anton Pavlovich Chekhov (161)";https://www.gutenberg.org/ebooks/1754
74803;"Hirmuhallitus by Alexandre Dumas (161)";https://www.gutenberg.org/ebooks/74803
1250;"Anthem by Ayn Rand (161)";https://www.gutenberg.org/ebooks/1250
30201;"In Praise of Folly by Desiderius Erasmus (161)";https://www.gutenberg.org/ebooks/30201
103;"Around the World in Eighty Days by Jules Verne (160)";https://www.gutenberg.org/ebooks/103
11231;"Bartleby, the Scrivener: A Story of Wall-Street by Herman Melville (159)";https://www.gutenberg.org/ebooks/11231
24869;"The Rámáyan of Válmíki, translated into English verse by Valmiki (159)";https://www.gutenberg.org/ebooks/24869
25717;"The History of the Decline and Fall of the Roman Empire by Edward Gibbon (159)";https://www.gutenberg.org/ebooks/25717
2527;"The Sorrows of Young Werther by Johann Wolfgang von Goethe (158)";https://www.gutenberg.org/ebooks/2527
3176;"The Innocents Abroad by Mark Twain (157)";https://www.gutenberg.org/ebooks/3176
4093;"Hedda Gabler by Henrik Ibsen (157)";https://www.gutenberg.org/ebooks/4093
18600;"Mi Ultimo Adiós by José Rizal (155)";https://www.gutenberg.org/ebooks/18600
13415;"The Lady with the Dog and Other Stories by Anton Pavlovich Chekhov (154)";https://www.gutenberg.org/ebooks/13415
31516;"The Eyes Have It by Philip K. Dick (154)";https://www.gutenberg.org/ebooks/31516
1001;"Divine Comedy, Longfellow's Translation, Hell by Dante Alighieri (153)";https://www.gutenberg.org/ebooks/1001
46167;"British Royal Proclamations Relating to America, 1603-1783 by Great Britain. Sovereign (153)";https://www.gutenberg.org/ebooks/46167
3328;"Man and Superman: A Comedy and a Philosophy by Bernard Shaw (153)";https://www.gutenberg.org/ebooks/3328
45631;"Twelve Years a Slave by Solomon Northup (153)";https://www.gutenberg.org/ebooks/45631
2388;"The Song Celestial; Or, Bhagavad-Gîtâ (from the Mahâbhârata) (152)";https://www.gutenberg.org/ebooks/2388
1934;"Songs of Innocence and of Experience by William Blake (151)";https://www.gutenberg.org/ebooks/1934
1023;"Bleak House by Charles Dickens (151)";https://www.gutenberg.org/ebooks/1023
2097;"The Sign of the Four by Arthur Conan Doyle (151)";https://www.gutenberg.org/ebooks/2097
14328;"The Consolation of Philosophy by Boethius (150)";https://www.gutenberg.org/ebooks/14328
58725;"Quickie by Stephen Marlowe (150)";https://www.gutenberg.org/ebooks/58725
17989;"Le comte de Monte-Cristo, Tome I by Alexandre Dumas and Auguste Maquet (150)";https://www.gutenberg.org/ebooks/17989
6400;"The Lives of the Twelve Caesars, Complete by Suetonius (149)";https://www.gutenberg.org/ebooks/6400
141;"Mansfield Park by Jane Austen (149)";https://www.gutenberg.org/ebooks/141
121;"Northanger Abbey by Jane Austen (148)";https://www.gutenberg.org/ebooks/121
50922;"Perpetual Peace: A Philosophical Essay by Immanuel Kant (148)";https://www.gutenberg.org/ebooks/50922
541;"The Age of Innocence by Edith Wharton (148)";https://www.gutenberg.org/ebooks/541
20738;"Diccionario Ingles-Español-Tagalog by Sofronio G. Calderón (147)";https://www.gutenberg.org/ebooks/20738
38269;"A History of the Philippines by David P. Barrows (146)";https://www.gutenberg.org/ebooks/38269
8578;"The Grand Inquisitor by Fyodor Dostoyevsky (145)";https://www.gutenberg.org/ebooks/8578
5230;"The Invisible Man: A Grotesque Romance by H. G.  Wells (145)";https://www.gutenberg.org/ebooks/5230
16966;"Shakespearean Tragedy: Lectures on Hamlet, Othello, King Lear, Macbeth by A. C.  Bradley (145)";https://www.gutenberg.org/ebooks/16966
59;"Discourse on the Method of Rightly Conducting One's Reason and of Seeking Truth in the Sciences (144)";https://www.gutenberg.org/ebooks/59
74791;"Round Robin by Abbie Farwell Brown (144)";https://www.gutenberg.org/ebooks/74791
71865;"Mrs. Dalloway by Virginia Woolf (144)";https://www.gutenberg.org/ebooks/71865
550;"Silas Marner by George Eliot (142)";https://www.gutenberg.org/ebooks/550
140;"The Jungle by Upton Sinclair (141)";https://www.gutenberg.org/ebooks/140
921;"De Profundis by Oscar Wilde (141)";https://www.gutenberg.org/ebooks/921
13951;"Les trois mousquetaires by Alexandre Dumas and Auguste Maquet (141)";https://www.gutenberg.org/ebooks/13951
910;"White Fang by Jack London (141)";https://www.gutenberg.org/ebooks/910
902;"The Happy Prince, and Other Tales by Oscar Wilde (140)";https://www.gutenberg.org/ebooks/902
8710;"The Doré Bible Gallery, Complete (140)";https://www.gutenberg.org/ebooks/8710
43936;"The Wonderful Wizard of Oz by L. Frank  Baum (139)";https://www.gutenberg.org/ebooks/43936
74801;"Rapport sur une mission botanique exécutée en 1884 dans le nord, le sud et l'ouest de la Tunisie (139)";https://www.gutenberg.org/ebooks/74801
29145;"The Best of the World's Classics, Restricted to Prose, Vol. X (of X) - America - II, Index (138)";https://www.gutenberg.org/ebooks/29145
27942;"A System of Logic, Ratiocinative and Inductive by John Stuart Mill (138)";https://www.gutenberg.org/ebooks/27942
19322;"The Antichrist by Friedrich Wilhelm Nietzsche (138)";https://www.gutenberg.org/ebooks/19322
46333;"The Social Contract & Discourses by Jean-Jacques Rousseau (138)";https://www.gutenberg.org/ebooks/46333
696;"The Castle of Otranto by Horace Walpole (137)";https://www.gutenberg.org/ebooks/696
2500;"Siddhartha by Hermann Hesse (137)";https://www.gutenberg.org/ebooks/2500
3090;"Complete Original Short Stories of Guy De Maupassant by Guy de Maupassant (136)";https://www.gutenberg.org/ebooks/3090
55201;"The Republic of Plato by Plato (135)";https://www.gutenberg.org/ebooks/55201
12242;"Poems by Emily Dickinson, Three Series, Complete by Emily Dickinson (134)";https://www.gutenberg.org/ebooks/12242
1974;"The Poetics of Aristotle by Aristotle (134)";https://www.gutenberg.org/ebooks/1974
11870;"The Country of the Blind, and Other Stories by H. G.  Wells (133)";https://www.gutenberg.org/ebooks/11870
45502;"How the Other Half Lives: Studies Among the Tenements of New York by Jacob A.  Riis (133)";https://www.gutenberg.org/ebooks/45502
7849;"The Trial by Franz Kafka (133)";https://www.gutenberg.org/ebooks/7849
4705;"A Treatise of Human Nature by David Hume (132)";https://www.gutenberg.org/ebooks/4705
1057;"Poems, with The Ballad of Reading Gaol by Oscar Wilde (132)";https://www.gutenberg.org/ebooks/1057
2911;"Justice by John Galsworthy (132)";https://www.gutenberg.org/ebooks/2911
10636;"The Travels of Marco Polo — Volume 1 by Marco Polo and da Pisa Rusticiano (132)";https://www.gutenberg.org/ebooks/10636
11339;"Aesop's Fables; a new translation by Aesop (131)";https://www.gutenberg.org/ebooks/11339
6087;"The Vampyre; a Tale by John William Polidori (131)";https://www.gutenberg.org/ebooks/6087
2781;"Just so stories by Rudyard Kipling (130)";https://www.gutenberg.org/ebooks/2781
2397;"The Story of My Life by Helen Keller (129)";https://www.gutenberg.org/ebooks/2397
2707;"The History of Herodotus — Volume 1 by Herodotus (129)";https://www.gutenberg.org/ebooks/2707
35123;"The Ladies' Book of Etiquette, and Manual of Politeness by Florence Hartley (128)";https://www.gutenberg.org/ebooks/35123
114;"The Tenniel Illustrations for Carroll's Alice in Wonderland by John Tenniel (128)";https://www.gutenberg.org/ebooks/114
175;"The Phantom of the Opera by Gaston Leroux (127)";https://www.gutenberg.org/ebooks/175
147;"Common Sense by Thomas Paine (127)";https://www.gutenberg.org/ebooks/147
42704;"Salomé: A Tragedy in One Act by Oscar Wilde (127)";https://www.gutenberg.org/ebooks/42704
46976;"The Anabasis of Alexander by Arrian (127)";https://www.gutenberg.org/ebooks/46976
67092;"El paraíso perdido by John Milton (127)";https://www.gutenberg.org/ebooks/67092
59112;"R.U.R. (Rossum's Universal Robots) by Karel Čapek (126)";https://www.gutenberg.org/ebooks/59112
20968;"Three Hundred Tang Poems, Volume 1 by Various (125)";https://www.gutenberg.org/ebooks/20968
27200;"Fairy Tales of Hans Christian Andersen by H. C.  Andersen (125)";https://www.gutenberg.org/ebooks/27200
41360;"The Elementary Forms of the Religious Life by Émile Durkheim (123)";https://www.gutenberg.org/ebooks/41360
2199;"The Iliad by Homer (123)";https://www.gutenberg.org/ebooks/2199
41537;"The Divine Comedy of Dante Alighieri: The Inferno by Dante Alighieri (123)";https://www.gutenberg.org/ebooks/41537
86;"A Connecticut Yankee in King Arthur's Court by Mark Twain (123)";https://www.gutenberg.org/ebooks/86
67138;"The Sun Also Rises by Ernest Hemingway (122)";https://www.gutenberg.org/ebooks/67138
14859;"Daddy Takes Us to the Garden by Howard Roger Garis (122)";https://www.gutenberg.org/ebooks/14859
1170;"Anabasis by Xenophon (122)";https://www.gutenberg.org/ebooks/1170
42;"The Strange Case of Dr. Jekyll and Mr. Hyde by Robert Louis Stevenson (121)";https://www.gutenberg.org/ebooks/42
26471;"Spoon River Anthology by Edgar Lee Masters (121)";https://www.gutenberg.org/ebooks/26471
23700;"The Decameron of Giovanni Boccaccio by Giovanni Boccaccio (121)";https://www.gutenberg.org/ebooks/23700
18857;"A Journey to the Centre of the Earth by Jules Verne (121)";https://www.gutenberg.org/ebooks/18857
26225;"Fifteen Thousand Useful Phrases by Grenville Kleiser (120)";https://www.gutenberg.org/ebooks/26225
3201;"Moby Word Lists by Grady Ward (120)";https://www.gutenberg.org/ebooks/3201
73;"The Red Badge of Courage: An Episode of the American Civil War by Stephen Crane (119)";https://www.gutenberg.org/ebooks/73
113;"The Secret Garden by Frances Hodgson Burnett (119)";https://www.gutenberg.org/ebooks/113
34206;"The Thousand and One Nights, Vol. I. (118)";https://www.gutenberg.org/ebooks/34206
580;"The Pickwick Papers by Charles Dickens (118)";https://www.gutenberg.org/ebooks/580
11224;"Utilitarianism by John Stuart Mill (118)";https://www.gutenberg.org/ebooks/11224
2850;"The Wars of the Jews; Or, The History of the Destruction of Jerusalem by Flavius Josephus (117)";https://www.gutenberg.org/ebooks/2850
22120;"Chaucer's Works, Volume 4 — The Canterbury Tales by Geoffrey Chaucer (117)";https://www.gutenberg.org/ebooks/22120
61221;"A passage to India by E. M.  Forster (117)";https://www.gutenberg.org/ebooks/61221
8581;"The art of money getting : by P. T.  Barnum (116)";https://www.gutenberg.org/ebooks/8581
2446;"An Enemy of the People by Henrik Ibsen (116)";https://www.gutenberg.org/ebooks/2446
45109;"The Enchiridion by Epictetus (116)";https://www.gutenberg.org/ebooks/45109
4276;"North and South by Elizabeth Cleghorn Gaskell (116)";https://www.gutenberg.org/ebooks/4276
20239;"The Ten Books on Architecture by Vitruvius Pollio (116)";https://www.gutenberg.org/ebooks/20239
1756;"Uncle Vanya: Scenes from Country Life in Four Acts by Anton Pavlovich Chekhov (116)";https://www.gutenberg.org/ebooks/1756
74792;"Cuming's tour to the western country (1807-1809) by Fortescue Cuming (116)";https://www.gutenberg.org/ebooks/74792
36098;"The Flowers of Evil by Charles Baudelaire (115)";https://www.gutenberg.org/ebooks/36098
1079;"The Life and Opinions of Tristram Shandy, Gentleman by Laurence Sterne (114)";https://www.gutenberg.org/ebooks/1079
375;"An Occurrence at Owl Creek Bridge by Ambrose Bierce (114)";https://www.gutenberg.org/ebooks/375
1091;"On Heroes, Hero-Worship, and the Heroic in History by Thomas Carlyle (114)";https://www.gutenberg.org/ebooks/1091
28890;"Helps to Latin Translation at Sight by Edmund Luce (113)";https://www.gutenberg.org/ebooks/28890
50742;"The Story of Beowulf, Translated from Anglo-Saxon into Modern English Prose (113)";https://www.gutenberg.org/ebooks/50742
24571;"Der Struwwelpeter by Heinrich Hoffmann (113)";https://www.gutenberg.org/ebooks/24571
23938;"木蘭奇女傳 by Anonymous (113)";https://www.gutenberg.org/ebooks/23938
60;"The Scarlet Pimpernel by Baroness Emmuska Orczy Orczy (113)";https://www.gutenberg.org/ebooks/60
4099;"The Angel in the House by Coventry Patmore (113)";https://www.gutenberg.org/ebooks/4099
42671;"Pride and Prejudice by Jane Austen (113)";https://www.gutenberg.org/ebooks/42671
6099;"Les Fleurs du Mal by Charles Baudelaire (113)";https://www.gutenberg.org/ebooks/6099
57426;"Baron Trump's Marvellous Underground Journey by Ingersoll Lockwood (112)";https://www.gutenberg.org/ebooks/57426
972;"The Devil's Dictionary by Ambrose Bierce (112)";https://www.gutenberg.org/ebooks/972
20224;"The Invisible Government by Dan Smoot (112)";https://www.gutenberg.org/ebooks/20224
14975;"Southern Horrors: Lynch Law in All Its Phases by Ida B. Wells-Barnett (112)";https://www.gutenberg.org/ebooks/14975
1515;"The Merchant of Venice by William Shakespeare (112)";https://www.gutenberg.org/ebooks/1515
245;"Life on the Mississippi by Mark Twain (112)";https://www.gutenberg.org/ebooks/245
16643;"Essays by Ralph Waldo Emerson by Ralph Waldo Emerson (111)";https://www.gutenberg.org/ebooks/16643
8117;"The possessed : by Fyodor Dostoyevsky (111)";https://www.gutenberg.org/ebooks/8117
23218;"The Red Room by H. G.  Wells (111)";https://www.gutenberg.org/ebooks/23218
74794;"Noarderljocht : by Douwe Kalma (110)";https://www.gutenberg.org/ebooks/74794
71;"On the Duty of Civil Disobedience by Henry David Thoreau (110)";https://www.gutenberg.org/ebooks/71
38326;"Bede's Ecclesiastical History of England by Saint the Venerable Bede (110)";https://www.gutenberg.org/ebooks/38326
54;"The Marvelous Land of Oz by L. Frank  Baum (110)";https://www.gutenberg.org/ebooks/54
805;"This Side of Paradise by F. Scott  Fitzgerald (109)";https://www.gutenberg.org/ebooks/805
851;"Narrative of the Captivity and Restoration of Mrs. Mary Rowlandson by Mary White Rowlandson (109)";https://www.gutenberg.org/ebooks/851
57303;"La Divina Comedia by Dante Alighieri (109)";https://www.gutenberg.org/ebooks/57303
159;"The island of Doctor Moreau by H. G.  Wells (109)";https://www.gutenberg.org/ebooks/159
26184;"Simple Sabotage Field Manual by United States. Office of Strategic Services (108)";https://www.gutenberg.org/ebooks/26184
29433;"Nature by Ralph Waldo Emerson (108)";https://www.gutenberg.org/ebooks/29433
70954;"Trois femmes by Pierre Mille (108)";https://www.gutenberg.org/ebooks/70954
6133;"The Extraordinary Adventures of Arsène Lupin, Gentleman-Burglar by Maurice Leblanc (107)";https://www.gutenberg.org/ebooks/6133
257;"Troilus and Criseyde by Geoffrey Chaucer (107)";https://www.gutenberg.org/ebooks/257
57333;"Project Gutenberg Compilation of Short Stories by Chekhov by Anton Pavlovich Chekhov (107)";https://www.gutenberg.org/ebooks/57333
43007;"Tribute to Michael Hart by Majid AlHydar (107)";https://www.gutenberg.org/ebooks/43007
35451;"Medea of Euripides by Euripides (106)";https://www.gutenberg.org/ebooks/35451
45304;"The City of God, Volume I by Bishop of Hippo Saint Augustine (106)";https://www.gutenberg.org/ebooks/45304
932;"The Fall of the House of Usher by Edgar Allan Poe (105)";https://www.gutenberg.org/ebooks/932
14977;"The Red Record by Ida B. Wells-Barnett (105)";https://www.gutenberg.org/ebooks/14977
25282;"The Jewish State by Theodor Herzl (104)";https://www.gutenberg.org/ebooks/25282
15725;"Doña Perfecta by Benito Pérez Galdós (104)";https://www.gutenberg.org/ebooks/15725
1257;"The three musketeers by Alexandre Dumas and Auguste Maquet (104)";https://www.gutenberg.org/ebooks/1257
74795;"Gala Placidia : by Angel Guimerá (104)";https://www.gutenberg.org/ebooks/74795
38145;"Human, All Too Human: A Book for Free Spirits by Friedrich Wilhelm Nietzsche (104)";https://www.gutenberg.org/ebooks/38145
146;"A Little Princess by Frances Hodgson Burnett (104)";https://www.gutenberg.org/ebooks/146
4352;"Laughter: An Essay on the Meaning of the Comic by Henri Bergson (104)";https://www.gutenberg.org/ebooks/4352
10681;"Roget's Thesaurus of English Words and Phrases by Peter Mark Roget (104)";https://www.gutenberg.org/ebooks/10681
383;"She Stoops to Conquer; Or, The Mistakes of a Night: A Comedy by Oliver Goldsmith (104)";https://www.gutenberg.org/ebooks/383
71062;"Charmes by Paul Valéry (103)";https://www.gutenberg.org/ebooks/71062
5225;"The Satyricon — Complete by Petronius Arbiter (103)";https://www.gutenberg.org/ebooks/5225
863;"The Mysterious Affair at Styles by Agatha Christie (102)";https://www.gutenberg.org/ebooks/863
61963;"We by Evgenii Ivanovich Zamiatin (102)";https://www.gutenberg.org/ebooks/61963
4078;"The Picture of Dorian Gray by Oscar Wilde (102)";https://www.gutenberg.org/ebooks/4078
2147;"The Works of Edgar Allan Poe — Volume 1 by Edgar Allan Poe (102)";https://www.gutenberg.org/ebooks/2147
13437;"Best Russian Short Stories (101)";https://www.gutenberg.org/ebooks/13437
2946;"Howards End by E. M.  Forster (101)";https://www.gutenberg.org/ebooks/2946
51;"Anne of the Island by L. M.  Montgomery (100)";https://www.gutenberg.org/ebooks/51
40986;"The Oera Linda Book, from a Manuscript of the Thirteenth Century (100)";https://www.gutenberg.org/ebooks/40986
7205;"Also sprach Zarathustra: Ein Buch für Alle und Keinen by Friedrich Wilhelm Nietzsche (100)";https://www.gutenberg.org/ebooks/7205
14522;"The Canterville Ghost by Oscar Wilde (100)";https://www.gutenberg.org/ebooks/14522
834;"The Memoirs of Sherlock Holmes by Arthur Conan Doyle (100)";https://www.gutenberg.org/ebooks/834
1531;"Othello, the Moor of Venice by William Shakespeare (100)";https://www.gutenberg.org/ebooks/1531
289;"The Wind in the Willows by Kenneth Grahame (99)";https://www.gutenberg.org/ebooks/289
1597;"Andersen's Fairy Tales by H. C.  Andersen (99)";https://www.gutenberg.org/ebooks/1597
74771;"The greatest story in the world, period 2 (of 3) : by Horace G.  Hutchinson (99)";https://www.gutenberg.org/ebooks/74771
1526;"Twelfth Night; Or, What You Will by William Shakespeare (99)";https://www.gutenberg.org/ebooks/1526
52958;"Revelations of Divine Love (99)";https://www.gutenberg.org/ebooks/52958
816;"Democracy in America — Volume 2 by Alexis de Tocqueville (98)";https://www.gutenberg.org/ebooks/816
26659;"The Will to Believe, and Other Essays in Popular Philosophy by William James (98)";https://www.gutenberg.org/ebooks/26659
17157;"Gulliver's Travels into Several Remote Regions of the World by Jonathan Swift (98)";https://www.gutenberg.org/ebooks/17157
17135;"Twas the Night before Christmas: A Visit from St. Nicholas by Clement Clarke Moore (98)";https://www.gutenberg.org/ebooks/17135
15353;"A First Spanish Reader by Alfred Remy and Erwin W.  Roessler (98)";https://www.gutenberg.org/ebooks/15353
37423;"How We Think by John Dewey (97)";https://www.gutenberg.org/ebooks/37423
10732;"The Essays of Arthur Schopenhauer; Studies in Pessimism by Arthur Schopenhauer (97)";https://www.gutenberg.org/ebooks/10732
56463;"Bacon's Essays, and Wisdom of the Ancients by Francis Bacon (97)";https://www.gutenberg.org/ebooks/56463
1656;"Apology by Plato (97)";https://www.gutenberg.org/ebooks/1656
1056;"Martin Eden by Jack London (97)";https://www.gutenberg.org/ebooks/1056
512;"Mosses from an old manse by Nathaniel Hawthorne (97)";https://www.gutenberg.org/ebooks/512
19994;"The Aesop for Children by Aesop (96)";https://www.gutenberg.org/ebooks/19994
74786;"Historic buildings : (96)";https://www.gutenberg.org/ebooks/74786
228;"The Aeneid by Virgil (96)";https://www.gutenberg.org/ebooks/228
61262;"Poirot Investigates by Agatha Christie (95)";https://www.gutenberg.org/ebooks/61262
1519;"Much Ado about Nothing by William Shakespeare (95)";https://www.gutenberg.org/ebooks/1519
44608;"The Bābur-nāma in English (Memoirs of Bābur) by Emperor of Hindustan Babur (94)";https://www.gutenberg.org/ebooks/44608
28942;"The Junior Classics, Volume 1: Fairy and wonder tales by William Allan Neilson (94)";https://www.gutenberg.org/ebooks/28942
52190;"Ecce Homo by Friedrich Wilhelm Nietzsche (94)";https://www.gutenberg.org/ebooks/52190
3420;"A Vindication of the Rights of Woman by Mary Wollstonecraft (94)";https://www.gutenberg.org/ebooks/3420
27083;"The Subjection of Women by John Stuart Mill (94)";https://www.gutenberg.org/ebooks/27083
3333;"Os Lusíadas by Luís de Camões (93)";https://www.gutenberg.org/ebooks/3333
7178;"Swann's Way by Marcel Proust (93)";https://www.gutenberg.org/ebooks/7178
4367;"Personal Memoirs of U. S. Grant, Complete by Ulysses S.  Grant (93)";https://www.gutenberg.org/ebooks/4367
19033;"Alice's Adventures in Wonderland by Lewis Carroll (93)";https://www.gutenberg.org/ebooks/19033
49513;"The Complete Herbal by Nicholas Culpeper (92)";https://www.gutenberg.org/ebooks/49513
5720;"A Shropshire Lad by A. E.  Housman (92)";https://www.gutenberg.org/ebooks/5720
23639;"Plutarch's Morals by Plutarch (92)";https://www.gutenberg.org/ebooks/23639
3289;"The Valley of Fear by Arthur Conan Doyle (92)";https://www.gutenberg.org/ebooks/3289
830;"The Argonautica by Rhodius Apollonius (92)";https://www.gutenberg.org/ebooks/830
2610;"Notre-Dame de Paris by Victor Hugo (92)";https://www.gutenberg.org/ebooks/2610
1874;"The Railway Children by E.  Nesbit (91)";https://www.gutenberg.org/ebooks/1874
284;"The House of Mirth by Edith Wharton (91)";https://www.gutenberg.org/ebooks/284
1522;"Julius Caesar by William Shakespeare (91)";https://www.gutenberg.org/ebooks/1522
883;"Our Mutual Friend by Charles Dickens (90)";https://www.gutenberg.org/ebooks/883
1429;"The Garden Party, and Other Stories by Katherine Mansfield (90)";https://www.gutenberg.org/ebooks/1429
32854;"Arsène Lupin, gentleman-cambrioleur by Maurice Leblanc (90)";https://www.gutenberg.org/ebooks/32854
25141;"The Pursuit of God by A. W.  Tozer (89)";https://www.gutenberg.org/ebooks/25141
9105;"Reflections; or Sentences and Moral Maxims by François duc de La Rochefoucauld (89)";https://www.gutenberg.org/ebooks/9105
40580;"A General History of the Pyrates: by Daniel Defoe (89)";https://www.gutenberg.org/ebooks/40580
19725;"The History of Rome, Books 01 to 08 by Livy (89)";https://www.gutenberg.org/ebooks/19725
53489;"The Life of Lazarillo de Tormes by Anonymous (89)";https://www.gutenberg.org/ebooks/53489
583;"The Woman in White by Wilkie Collins (89)";https://www.gutenberg.org/ebooks/583
22823;"Zimmerblattpflanzen by Udo Dammer (88)";https://www.gutenberg.org/ebooks/22823
3011;"The Lady of the Lake by Walter Scott (88)";https://www.gutenberg.org/ebooks/3011
1658;"Phaedo by Plato (88)";https://www.gutenberg.org/ebooks/1658
790;"Lady Windermere's Fan by Oscar Wilde (88)";https://www.gutenberg.org/ebooks/790
10625;"A Concise Dictionary of Middle English from A.D. 1150 to 1580 by A. L.  Mayhew and Walter W.  Skeat (87)";https://www.gutenberg.org/ebooks/10625
1200;"Gargantua and Pantagruel by François Rabelais (87)";https://www.gutenberg.org/ebooks/1200
82;"Ivanhoe: A Romance by Walter Scott (87)";https://www.gutenberg.org/ebooks/82
852;"Democracy and Education: An Introduction to the Philosophy of Education by John Dewey (87)";https://www.gutenberg.org/ebooks/852
271;"Black Beauty by Anna Sewell (86)";https://www.gutenberg.org/ebooks/271
13529;"The Influence of Sea Power Upon History, 1660-1783 by A. T.  Mahan (86)";https://www.gutenberg.org/ebooks/13529
40745;"Short Stories by Fyodor Dostoyevsky (86)";https://www.gutenberg.org/ebooks/40745
22456;"The Aeneid of Virgil by Virgil (86)";https://www.gutenberg.org/ebooks/22456
24950;"Bradford's History of 'Plimoth Plantation' by William Bradford (86)";https://www.gutenberg.org/ebooks/24950
65661;"Der Zauberberg. Erster Band by Thomas Mann (86)";https://www.gutenberg.org/ebooks/65661
5333;"Every Man in His Humor by Ben Jonson (86)";https://www.gutenberg.org/ebooks/5333
2130;"Utopia by Saint Thomas More (86)";https://www.gutenberg.org/ebooks/2130
599;"Vanity Fair by William Makepeace Thackeray (86)";https://www.gutenberg.org/ebooks/599
28020;"History of Woman Suffrage, Volume I (85)";https://www.gutenberg.org/ebooks/28020
36805;"Spanish Tales for Beginners (85)";https://www.gutenberg.org/ebooks/36805
2587;"Life Is a Dream by Pedro Calderón de la Barca (85)";https://www.gutenberg.org/ebooks/2587
1064;"The Masque of the Red Death by Edgar Allan Poe (85)";https://www.gutenberg.org/ebooks/1064
8121;"Ghosts by Henrik Ibsen (85)";https://www.gutenberg.org/ebooks/8121
227;"Aeneidos by Virgil (85)";https://www.gutenberg.org/ebooks/227
2509;"The Lani People by Jesse F.  Bone (85)";https://www.gutenberg.org/ebooks/2509
4039;"Volpone; Or, The Fox by Ben Jonson (84)";https://www.gutenberg.org/ebooks/4039
40074;"A Dictionary of Cebuano Visayan by John U. Wolff (84)";https://www.gutenberg.org/ebooks/40074
885;"An Ideal Husband by Oscar Wilde (83)";https://www.gutenberg.org/ebooks/885
1252;"Le Morte d'Arthur: Volume 2 by Sir Thomas Malory (83)";https://www.gutenberg.org/ebooks/1252
6124;"Pamela, or Virtue Rewarded by Samuel Richardson (83)";https://www.gutenberg.org/ebooks/6124
25063;"The Beggar's Opera; to Which is Prefixed the Musick to Each Song by John Gay (83)";https://www.gutenberg.org/ebooks/25063
69566;"The Egyptian Book of the dead (83)";https://www.gutenberg.org/ebooks/69566
6867;"Lineage, Life and Labors of José Rizal, Philippine Patriot by Austin Craig (82)";https://www.gutenberg.org/ebooks/6867
27805;"The Wind in the Willows by Kenneth Grahame (81)";https://www.gutenberg.org/ebooks/27805
7986;"Plays by Anton Chekhov, Second Series by Anton Pavlovich Chekhov (81)";https://www.gutenberg.org/ebooks/7986
3186;"The Mysterious Stranger, and Other Stories by Mark Twain (81)";https://www.gutenberg.org/ebooks/3186
9622;"Lyrical Ballads, With a Few Other Poems (1798) by Samuel Taylor Coleridge and William Wordsworth (81)";https://www.gutenberg.org/ebooks/9622
785;"On the Nature of Things by Titus Lucretius Carus (81)";https://www.gutenberg.org/ebooks/785
57821;"Scenes in the Life of Harriet Tubman by Sarah H.  Bradford (81)";https://www.gutenberg.org/ebooks/57821
23997;"Eugene Oneguine [Onegin] by Aleksandr Sergeevich Pushkin (80)";https://www.gutenberg.org/ebooks/23997
40549;"The Private Life of the Romans by Harold Whetstone Johnston (80)";https://www.gutenberg.org/ebooks/40549
26654;"Peter and Wendy by J. M.  Barrie (80)";https://www.gutenberg.org/ebooks/26654
5921;"The History of Don Quixote, Volume 1, Complete by Miguel de Cervantes Saavedra (80)";https://www.gutenberg.org/ebooks/5921
1962;"A Defence of Poesie and Poems by Philip Sidney (80)";https://www.gutenberg.org/ebooks/1962
5682;"Fundamental Principles of the Metaphysic of Morals by Immanuel Kant (80)";https://www.gutenberg.org/ebooks/5682
15396;"Tender Buttons by Gertrude Stein (79)";https://www.gutenberg.org/ebooks/15396
21;"Aesop's Fables by Aesop (79)";https://www.gutenberg.org/ebooks/21
4507;"As a man thinketh by James Allen (79)";https://www.gutenberg.org/ebooks/4507
12814;"Philippine Folk Tales (79)";https://www.gutenberg.org/ebooks/12814
38219;"A General Introduction to Psychoanalysis by Sigmund Freud (79)";https://www.gutenberg.org/ebooks/38219
55283;"The Bet, and other stories by Anton Pavlovich Chekhov (79)";https://www.gutenberg.org/ebooks/55283
47;"Anne of Avonlea by L. M.  Montgomery (79)";https://www.gutenberg.org/ebooks/47
6157;"What Men Live By, and Other Tales by graf Leo Tolstoy (78)";https://www.gutenberg.org/ebooks/6157
14264;"The Practice and Science of Drawing by Harold Speed (78)";https://www.gutenberg.org/ebooks/14264
108;"The Return of Sherlock Holmes by Arthur Conan Doyle (78)";https://www.gutenberg.org/ebooks/108
33;"The Scarlet Letter by Nathaniel Hawthorne (78)";https://www.gutenberg.org/ebooks/33
8102;"The Forme of Cury: A Roll of Ancient English Cookery Compiled, about A.D. 1390 by Samuel Pegge (78)";https://www.gutenberg.org/ebooks/8102
1672;"Gorgias by Plato (78)";https://www.gutenberg.org/ebooks/1672
1097;"Mrs. Warren's Profession by Bernard Shaw (78)";https://www.gutenberg.org/ebooks/1097
5116;"Pragmatism: A New Name for Some Old Ways of Thinking by William James (78)";https://www.gutenberg.org/ebooks/5116
63256;"The American Diary of a Japanese Girl by Yoné Noguchi (78)";https://www.gutenberg.org/ebooks/63256
29376;"Bahnwärter Thiel by Gerhart Hauptmann (77)";https://www.gutenberg.org/ebooks/29376
107;"Far from the Madding Crowd by Thomas Hardy (77)";https://www.gutenberg.org/ebooks/107
58866;"The Murder on the Links by Agatha Christie (77)";https://www.gutenberg.org/ebooks/58866
6885;"The Indolence of the Filipino by José Rizal (77)";https://www.gutenberg.org/ebooks/6885
32;"Herland by Charlotte Perkins Gilman (77)";https://www.gutenberg.org/ebooks/32
2040;"Confessions of an English Opium-Eater by Thomas De Quincey (77)";https://www.gutenberg.org/ebooks/2040
39868;"Glinda of Oz by L. Frank  Baum (77)";https://www.gutenberg.org/ebooks/39868
74787;"The happy tree by Rosalind Murray (77)";https://www.gutenberg.org/ebooks/74787
42988;"Nursing as Caring: A Model for Transforming Practice by Anne Boykin and Savina O'Bryan Schoenhofer (77)";https://www.gutenberg.org/ebooks/42988
500;"The Adventures of Pinocchio by Carlo Collodi (77)";https://www.gutenberg.org/ebooks/500
1292;"The Way of the World by William Congreve (77)";https://www.gutenberg.org/ebooks/1292
66048;"The Interpretation of Dreams by Sigmund Freud (77)";https://www.gutenberg.org/ebooks/66048
68283;"The call of Cthulhu by H. P.  Lovecraft (76)";https://www.gutenberg.org/ebooks/68283
26296;"Les mille et une nuits, tome premier (76)";https://www.gutenberg.org/ebooks/26296
35977;"Letters of Abelard and Heloise by Peter Abelard and Héloïse (76)";https://www.gutenberg.org/ebooks/35977
6688;"The Mill on the Floss by George Eliot (76)";https://www.gutenberg.org/ebooks/6688
20656;"Old Christmas: from the Sketch Book of Washington Irving by Washington Irving (76)";https://www.gutenberg.org/ebooks/20656
28500;"All About Coffee by William H.  Ukers (76)";https://www.gutenberg.org/ebooks/28500
9628;"Buried Cities: Pompeii, Olympia, Mycenae (Complete) by Jennie Hall (76)";https://www.gutenberg.org/ebooks/9628
28553;"How it Works by Archibald Williams (76)";https://www.gutenberg.org/ebooks/28553
62383;"A Biblia Sagrada, Contendo o Velho e o Novo Testamento (76)";https://www.gutenberg.org/ebooks/62383
519;"A Kidnapped Santa Claus by L. Frank  Baum (75)";https://www.gutenberg.org/ebooks/519
28233;"Philosophiae Naturalis Principia Mathematica by Isaac Newton (75)";https://www.gutenberg.org/ebooks/28233
48433;"Kant's Critique of Judgement by Immanuel Kant (74)";https://www.gutenberg.org/ebooks/48433
25609;"A Child's Garden of Verses by Robert Louis Stevenson (74)";https://www.gutenberg.org/ebooks/25609
24518;"Memoirs of Extraordinary Popular Delusions and the Madness of Crowds by Charles Mackay (74)";https://www.gutenberg.org/ebooks/24518
10800;"The Anatomy of Melancholy by Robert Burton (74)";https://www.gutenberg.org/ebooks/10800
20;"Paradise Lost by John Milton (74)";https://www.gutenberg.org/ebooks/20
21076;"The First Six Books of the Elements of Euclid by John Casey and Euclid (74)";https://www.gutenberg.org/ebooks/21076
63772;"The Girl's Own Paper, Vol. XX, No. 1029, September 16, 1899 by Various (74)";https://www.gutenberg.org/ebooks/63772
47001;"De Officiis by Marcus Tullius Cicero (74)";https://www.gutenberg.org/ebooks/47001
2981;"The Memoirs of Jacques Casanova de Seingalt, 1725-1798. Complete by Giacomo Casanova (74)";https://www.gutenberg.org/ebooks/2981
40505;"Scurvy, Past and Present by Alfred F. Hess (74)";https://www.gutenberg.org/ebooks/40505
30658;"Kamerplanten: Handboek tot het kweeken van planten in de kamer by Max Hesdörffer (73)";https://www.gutenberg.org/ebooks/30658
37734;"Some Jewish Witnesses For Christ by Aaron Bernstein (73)";https://www.gutenberg.org/ebooks/37734
14155;"Madame Bovary by Gustave Flaubert (73)";https://www.gutenberg.org/ebooks/14155
9182;"Villette by Charlotte Brontë (73)";https://www.gutenberg.org/ebooks/9182
8954;"Lady Audley's Secret by M. E.  Braddon (73)";https://www.gutenberg.org/ebooks/8954
15210;"Darkwater: Voices from Within the Veil by W. E. B.  Du Bois (73)";https://www.gutenberg.org/ebooks/15210
21000;"Faust: Eine Tragödie [erster Teil] by Johann Wolfgang von Goethe (73)";https://www.gutenberg.org/ebooks/21000
8525;"Eve's Diary, Complete by Mark Twain (73)";https://www.gutenberg.org/ebooks/8525
981;"Beowulf (72)";https://www.gutenberg.org/ebooks/981
2383;"The Canterbury Tales, and Other Poems by Geoffrey Chaucer (72)";https://www.gutenberg.org/ebooks/2383
22994;"The Frontier in American History by Frederick Jackson Turner (72)";https://www.gutenberg.org/ebooks/22994
421;"Kidnapped by Robert Louis Stevenson (72)";https://www.gutenberg.org/ebooks/421
575;"The Essays or Counsels, Civil and Moral by Francis Bacon (71)";https://www.gutenberg.org/ebooks/575
1081;"Dead Souls by Nikolai Vasilevich Gogol (71)";https://www.gutenberg.org/ebooks/1081
45524;"The Open Boat and Other Stories by Stephen Crane (71)";https://www.gutenberg.org/ebooks/45524
4081;"The Alchemist by Ben Jonson (71)";https://www.gutenberg.org/ebooks/4081
969;"The Tenant of Wildfell Hall by Anne Brontë (71)";https://www.gutenberg.org/ebooks/969
2376;"Up from Slavery: An Autobiography by Booker T. Washington (71)";https://www.gutenberg.org/ebooks/2376
54027;"Nil Darpan; or, The Indigo Planting Mirror, A Drama. by Dinabandhu Mitra (71)";https://www.gutenberg.org/ebooks/54027
25716;"灵历集光 by Shangjie Song (71)";https://www.gutenberg.org/ebooks/25716
16269;"Thought-Forms by Annie Besant and C. W.  Leadbeater (71)";https://www.gutenberg.org/ebooks/16269
32689;"Encyclopaedia Britannica, 11th Edition, "Dinard" to "Dodsworth, Roger" by Various (71)";https://www.gutenberg.org/ebooks/32689
25719;"The Privateer's-Man, One hundred Years Ago by Frederick Marryat (71)";https://www.gutenberg.org/ebooks/25719
5669;"Considerations on Representative Government by John Stuart Mill (70)";https://www.gutenberg.org/ebooks/5669
4583;"Dialogues Concerning Natural Religion by David Hume (70)";https://www.gutenberg.org/ebooks/4583
32032;"Second Variety by Philip K. Dick (70)";https://www.gutenberg.org/ebooks/32032
39742;"Half a Man: The Status of the Negro in New York by Mary White Ovington (70)";https://www.gutenberg.org/ebooks/39742
1719;"The Ballad of the White Horse by G. K.  Chesterton (70)";https://www.gutenberg.org/ebooks/1719
8809;"Aesop's Fables by Aesop (70)";https://www.gutenberg.org/ebooks/8809
5402;"1811 Dictionary of the Vulgar Tongue by Francis Grose (70)";https://www.gutenberg.org/ebooks/5402
13707;"Twice-told tales by Nathaniel Hawthorne (70)";https://www.gutenberg.org/ebooks/13707
39452;"The Pilgrim's Progress by John Bunyan Every Child Can Read by John Bunyan (70)";https://www.gutenberg.org/ebooks/39452
376;"A Journal of the Plague Year by Daniel Defoe (70)";https://www.gutenberg.org/ebooks/376
48438;"Rizal's own story of his life by José Rizal (70)";https://www.gutenberg.org/ebooks/48438
22976;"Slave Narratives: A Folk History of Slavery in the United States from Interviews with Former Slaves, (70)";https://www.gutenberg.org/ebooks/22976
10947;"The Best American Humorous Short Stories (69)";https://www.gutenberg.org/ebooks/10947
3618;"Arms and the Man by Bernard Shaw (69)";https://www.gutenberg.org/ebooks/3618
74783;"Boynton bicycle railway system (69)";https://www.gutenberg.org/ebooks/74783
17116;"Ang Liham ni Dr. Jose Rizal sa mga Kadalagahan sa Malolos, Bulakan by José Rizal (69)";https://www.gutenberg.org/ebooks/17116
38769;"A Course of Pure Mathematics by G. H.  Hardy (69)";https://www.gutenberg.org/ebooks/38769
31270;"The Writings of Thomas Paine, Complete by Thomas Paine (69)";https://www.gutenberg.org/ebooks/31270
80;"The Online World by Odd De Presno (69)";https://www.gutenberg.org/ebooks/80
14988;"Cicero's Tusculan Disputations by Marcus Tullius Cicero (69)";https://www.gutenberg.org/ebooks/14988
2559;"The Forsyte Saga, Volume I. by John Galsworthy (69)";https://www.gutenberg.org/ebooks/2559
21829;"A Treatise on Domestic Economy; For the Use of Young Ladies at Home and at School by Beecher (69)";https://www.gutenberg.org/ebooks/21829
2009;"The Origin of Species by Means of Natural Selection by Charles Darwin (69)";https://www.gutenberg.org/ebooks/2009
62940;"Mrs. Spring Fragrance by Sui Sin Far (68)";https://www.gutenberg.org/ebooks/62940
1450;"Pollyanna by Eleanor H.  Porter (68)";https://www.gutenberg.org/ebooks/1450
657;"The Anglo-Saxon Chronicle (68)";https://www.gutenberg.org/ebooks/657
28593;"When dreams come true by Ritter Brown (68)";https://www.gutenberg.org/ebooks/28593
5683;"The Critique of Practical Reason by Immanuel Kant (67)";https://www.gutenberg.org/ebooks/5683
23962;"西遊記 by Cheng'en Wu (67)";https://www.gutenberg.org/ebooks/23962
246;"The Rubaiyat of Omar Khayyam by Omar Khayyam (67)";https://www.gutenberg.org/ebooks/246
50307;"Fifteen sonnets of Petrarch by Francesco Petrarca (67)";https://www.gutenberg.org/ebooks/50307
1929;"The School for Scandal by Richard Brinsley Sheridan (67)";https://www.gutenberg.org/ebooks/1929
26487;"Little Lucy's Wonderful Globe by Charlotte M.  Yonge (67)";https://www.gutenberg.org/ebooks/26487
222;"The Moon and Sixpence by W. Somerset  Maugham (67)";https://www.gutenberg.org/ebooks/222
1508;"The Taming of the Shrew by William Shakespeare (67)";https://www.gutenberg.org/ebooks/1508
15859;"The Piazza Tales by Herman Melville (67)";https://www.gutenberg.org/ebooks/15859
14033;"Plutarch's Lives, Volume 1 (of 4) by Plutarch (66)";https://www.gutenberg.org/ebooks/14033
74770;"The greatest story in the world, period 1 (of 3) : by Horace G.  Hutchinson (66)";https://www.gutenberg.org/ebooks/74770
74780;"The illustrious Dr. Mathéus by Erckmann-Chatrian (66)";https://www.gutenberg.org/ebooks/74780
66057;"The Tale of Genji by Murasaki Shikibu (66)";https://www.gutenberg.org/ebooks/66057
1549;"Commentary on the Epistle to the Galatians by Martin Luther (66)";https://www.gutenberg.org/ebooks/1549
47287;"El libro de las mil noches y una noche; t. 1 by Anonymous (66)";https://www.gutenberg.org/ebooks/47287
1;"The Declaration of Independence of the United States of America by Thomas Jefferson (66)";https://www.gutenberg.org/ebooks/1
38427;"The World as Will and Idea (Vol. 1 of 3) by Arthur Schopenhauer (66)";https://www.gutenberg.org/ebooks/38427
25525;"The Works of Edgar Allan Poe, The Raven Edition by Edgar Allan Poe (66)";https://www.gutenberg.org/ebooks/25525
16317;"The Art of Public Speaking by Dale Carnegie and J. Berg  Esenwein (65)";https://www.gutenberg.org/ebooks/16317
52914;"The Will to Power: An Attempted Transvaluation of All Values. Book I and II by Nietzsche (65)";https://www.gutenberg.org/ebooks/52914
35690;"Omens and Superstitions of Southern India by Edgar Thurston (65)";https://www.gutenberg.org/ebooks/35690
17405;"The Art of War by active 6th century B.C. Sunzi (65)";https://www.gutenberg.org/ebooks/17405
389;"The Great God Pan by Arthur Machen (65)";https://www.gutenberg.org/ebooks/389
3913;"The Confessions of Jean Jacques Rousseau — Complete by Jean-Jacques Rousseau (65)";https://www.gutenberg.org/ebooks/3913
1254;"Cyrano de Bergerac by Edmond Rostand (65)";https://www.gutenberg.org/ebooks/1254
1171;"The Apology by Xenophon (65)";https://www.gutenberg.org/ebooks/1171
2490;"Lamia by John Keats (65)";https://www.gutenberg.org/ebooks/2490
1572;"Timaeus by Plato (65)";https://www.gutenberg.org/ebooks/1572
33870;"Chess Fundamentals by José Raúl Capablanca (65)";https://www.gutenberg.org/ebooks/33870
6523;"The Post Office by Rabindranath Tagore (65)";https://www.gutenberg.org/ebooks/6523
10148;"The Merry Adventures of Robin Hood by Howard Pyle (65)";https://www.gutenberg.org/ebooks/10148
14209;"The Kybalion by Three Initiates (65)";https://www.gutenberg.org/ebooks/14209
2833;"The Portrait of a Lady — Volume 1 by Henry James (65)";https://www.gutenberg.org/ebooks/2833
6043;"The Spanish Tragedie by Thomas Kyd (64)";https://www.gutenberg.org/ebooks/6043
1532;"The Tragedy of King Lear by William Shakespeare (64)";https://www.gutenberg.org/ebooks/1532
52484;"Le avventure di Pinocchio: Storia di un burattino by Carlo Collodi (64)";https://www.gutenberg.org/ebooks/52484
74767;"That worlds may live by Nelson S. Bond (64)";https://www.gutenberg.org/ebooks/74767
1280;"Spoon River Anthology by Edgar Lee Masters (64)";https://www.gutenberg.org/ebooks/1280
940;"The Last of the Mohicans; A narrative of 1757 by James Fenimore Cooper (64)";https://www.gutenberg.org/ebooks/940
2048;"The Sketch-Book of Geoffrey Crayon by Washington Irving (64)";https://www.gutenberg.org/ebooks/2048
45858;"Lucian's True History by of Samosata Lucian (63)";https://www.gutenberg.org/ebooks/45858
46032;"Vitus Bering: the Discoverer of Bering Strait by Peter Lauridsen (63)";https://www.gutenberg.org/ebooks/46032
28091;"The Double Four by E. Phillips  Oppenheim (63)";https://www.gutenberg.org/ebooks/28091
8642;"Woman in the Nineteenth Century by Margaret Fuller (63)";https://www.gutenberg.org/ebooks/8642
58025;"Index of the Project Gutenberg Works of Friedrich Nietzsche by Friedrich Wilhelm Nietzsche (63)";https://www.gutenberg.org/ebooks/58025
52881;"The Joyful Wisdom ("La Gaya Scienza") by Friedrich Wilhelm Nietzsche (63)";https://www.gutenberg.org/ebooks/52881
45634;"Myths of the Cherokee by James Mooney (63)";https://www.gutenberg.org/ebooks/45634
46559;"Travels in the Central Parts of Indo-China (Siam), Cambodia, and Laos (Vol. 1 of 2) by Henri Mouhot (63)";https://www.gutenberg.org/ebooks/46559
59058;"Aristotle's History of Animals by Aristotle (63)";https://www.gutenberg.org/ebooks/59058
66923;"West African Folk-Tales (63)";https://www.gutenberg.org/ebooks/66923
41085;"The New Life (La Vita Nuova) by Dante Alighieri (63)";https://www.gutenberg.org/ebooks/41085
50603;"Minute Mysteries [Detectograms] by H. A.  Ripley (63)";https://www.gutenberg.org/ebooks/50603
2944;"Essays — First Series by Ralph Waldo Emerson (63)";https://www.gutenberg.org/ebooks/2944
16751;"McGuffey's Sixth Eclectic Reader by William Holmes McGuffey (63)";https://www.gutenberg.org/ebooks/16751
1321;"The Waste Land by T. S.  Eliot (62)";https://www.gutenberg.org/ebooks/1321
38015;"De Re Metallica, Translated from the First Latin Edition of 1556 by Georg Agricola (62)";https://www.gutenberg.org/ebooks/38015
19179;"Kelly Miller's History of the World War for Human Rights by Kelly Miller (62)";https://www.gutenberg.org/ebooks/19179
131;"The Pilgrim's Progress from this world to that which is to come by John Bunyan (62)";https://www.gutenberg.org/ebooks/131
30107;"Principles of Political Economy by John Stuart Mill (62)";https://www.gutenberg.org/ebooks/30107
33144;"The Oriental Rug by William De Lancey Ellwanger (62)";https://www.gutenberg.org/ebooks/33144
10741;"The Essays of Arthur Schopenhauer: the Wisdom of Life by Arthur Schopenhauer (62)";https://www.gutenberg.org/ebooks/10741
675;"American Notes by Charles Dickens (62)";https://www.gutenberg.org/ebooks/675
51233;"The Marching Morons by C. M.  Kornbluth (62)";https://www.gutenberg.org/ebooks/51233
60093;"Cane by Jean Toomer (62)";https://www.gutenberg.org/ebooks/60093
155;"The Moonstone by Wilkie Collins (62)";https://www.gutenberg.org/ebooks/155
1695;"The Man Who Was Thursday: A Nightmare by G. K.  Chesterton (62)";https://www.gutenberg.org/ebooks/1695
3177;"Roughing It by Mark Twain (61)";https://www.gutenberg.org/ebooks/3177
9334;"The Spectator, Volume 1 by Joseph Addison and Sir Richard Steele (61)";https://www.gutenberg.org/ebooks/9334
52006;"Les liaisons dangereuses by Choderlos de Laclos (61)";https://www.gutenberg.org/ebooks/52006
74782;"The fate of Fenella : (61)";https://www.gutenberg.org/ebooks/74782
986;"Master and Man by graf Leo Tolstoy (61)";https://www.gutenberg.org/ebooks/986
32474;"The Memoirs of the Conquistador Bernal Diaz del Castillo, Vol 1 (of 2) by Bernal Díaz del Castillo (61)";https://www.gutenberg.org/ebooks/32474
17957;"On the Sublime by active 1st century Longinus (61)";https://www.gutenberg.org/ebooks/17957
16452;"The Iliad of Homer by Homer (60)";https://www.gutenberg.org/ebooks/16452
73144;"Lady Chatterley's lover by D. H.  Lawrence (60)";https://www.gutenberg.org/ebooks/73144
9700;"I. Beówulf: an Anglo-Saxon poem. II. The fight at Finnsburh: a fragment. (60)";https://www.gutenberg.org/ebooks/9700
1093;"The Beast in the Jungle by Henry James (60)";https://www.gutenberg.org/ebooks/1093
3623;"The Golden Bough: A Study of Magic and Religion by James George Frazer (60)";https://www.gutenberg.org/ebooks/3623
32940;"Encyclopaedia Britannica, 11th Edition, "England" to "English Finance" by Various (60)";https://www.gutenberg.org/ebooks/32940
30368;"A Christmas Carol by Charles Dickens (60)";https://www.gutenberg.org/ebooks/30368
2229;"Faust: Der Tragödie erster Teil by Johann Wolfgang von Goethe (60)";https://www.gutenberg.org/ebooks/2229
24113;"九命奇冤 by Jianren Wu (60)";https://www.gutenberg.org/ebooks/24113
6081;"Biographia Literaria by Samuel Taylor Coleridge (60)";https://www.gutenberg.org/ebooks/6081
1430;"Beautiful Stories from Shakespeare by E.  Nesbit and William Shakespeare (60)";https://www.gutenberg.org/ebooks/1430
7321;"The Nibelungenlied (60)";https://www.gutenberg.org/ebooks/7321
31591;"Language of Flowers by Kate Greenaway (60)";https://www.gutenberg.org/ebooks/31591
28556;"History of Woman Suffrage, Volume III (60)";https://www.gutenberg.org/ebooks/28556
38594;"Poems by Rainer Maria Rilke (59)";https://www.gutenberg.org/ebooks/38594
17851;"The History of Mary Prince, a West Indian Slave by Mary Prince (59)";https://www.gutenberg.org/ebooks/17851
57421;"Rockets, Missiles, and Spacecraft of the National Air and Space Museum, Smithsonian Institution (59)";https://www.gutenberg.org/ebooks/57421
503;"The Blue Fairy Book by Andrew Lang (59)";https://www.gutenberg.org/ebooks/503
798;"Le rouge et le noir: chronique du XIXe siècle by Stendhal (59)";https://www.gutenberg.org/ebooks/798
48612;"Psychological Warfare by Paul Myron Anthony Linebarger (59)";https://www.gutenberg.org/ebooks/48612
782;"The Travels of Sir John Mandeville by Sir John Mandeville (59)";https://www.gutenberg.org/ebooks/782
2197;"The Gambler by Fyodor Dostoyevsky (59)";https://www.gutenberg.org/ebooks/2197
23108;"Chester Rand; or, The New Path to Fortune by Jr. Horatio Alger (59)";https://www.gutenberg.org/ebooks/23108
26460;"English Fairy Tales by Joseph Jacobs (59)";https://www.gutenberg.org/ebooks/26460
102;"The Tragedy of Pudd'nhead Wilson by Mark Twain (59)";https://www.gutenberg.org/ebooks/102
8147;"The Man Who Would Be King by Rudyard Kipling (59)";https://www.gutenberg.org/ebooks/8147
201;"Flatland: A Romance of Many Dimensions by Edwin Abbott Abbott (58)";https://www.gutenberg.org/ebooks/201
62;"A Princess of Mars by Edgar Rice Burroughs (58)";https://www.gutenberg.org/ebooks/62
35347;"The Grand Canyon of Arizona: How to See It by George Wharton James (58)";https://www.gutenberg.org/ebooks/35347
3250;"How to Tell a Story, and Other Essays by Mark Twain (58)";https://www.gutenberg.org/ebooks/3250
1906;"Erewhon; Or, Over the Range by Samuel Butler (58)";https://www.gutenberg.org/ebooks/1906
11757;"The Velveteen Rabbit by Margery Williams Bianco (58)";https://www.gutenberg.org/ebooks/11757
11748;"French Conversation and Composition by Harry Vincent Wann (58)";https://www.gutenberg.org/ebooks/11748
44125;"The Histories of Polybius, Vol. 1 (of 2) by Polybius (58)";https://www.gutenberg.org/ebooks/44125
25589;"He by Andrew Lang and Walter Herries Pollock (58)";https://www.gutenberg.org/ebooks/25589
3189;"Sketches New and Old by Mark Twain (58)";https://www.gutenberg.org/ebooks/3189
24746;"Reise in die Aequinoctial-Gegenden des neuen Continents. Band 2. by Alexander von Humboldt (57)";https://www.gutenberg.org/ebooks/24746
217;"Sons and Lovers by D. H.  Lawrence (57)";https://www.gutenberg.org/ebooks/217
7452;"Autobiography of a Yogi by Paramahansa Yogananda (57)";https://www.gutenberg.org/ebooks/7452
55024;"The Queen of Spades, and other stories by Aleksandr Sergeevich Pushkin (57)";https://www.gutenberg.org/ebooks/55024
1534;"Antony and Cleopatra by William Shakespeare (57)";https://www.gutenberg.org/ebooks/1534
53430;"Principia Ethica by G. E.  Moore (57)";https://www.gutenberg.org/ebooks/53430
2245;"The Taming of the Shrew by William Shakespeare (57)";https://www.gutenberg.org/ebooks/2245
3698;"The Task, and Other Poems by William Cowper (57)";https://www.gutenberg.org/ebooks/3698
2811;"Letters of Pliny by the Younger Pliny (57)";https://www.gutenberg.org/ebooks/2811
66073;"Death in Venice by Thomas Mann (57)";https://www.gutenberg.org/ebooks/66073
69552;"El libro de las tierras vírgenes by Rudyard Kipling (57)";https://www.gutenberg.org/ebooks/69552
19481;""Everyman," with other interludes, including eight miracle plays (57)";https://www.gutenberg.org/ebooks/19481
12750;"The Stolen Bacillus and Other Incidents by H. G.  Wells (57)";https://www.gutenberg.org/ebooks/12750
74790;"De l'assassinat considéré comme un des Beaux-Arts by Thomas De Quincey (57)";https://www.gutenberg.org/ebooks/74790
15679;"The Works of the Right Honourable Edmund Burke, Vol. 03 (of 12) by Edmund Burke (57)";https://www.gutenberg.org/ebooks/15679
61851;"El crimen y el castigo by Fyodor Dostoyevsky (57)";https://www.gutenberg.org/ebooks/61851
63380;"Proverbes sur les femmes, l'amitié, l'amour et le mariage by P.-M.  Quitard (57)";https://www.gutenberg.org/ebooks/63380
5500;"The Advancement of Learning by Francis Bacon (57)";https://www.gutenberg.org/ebooks/5500
36708;"Soeur Thérèse de l'Enfant-Jésus et de la Sainte Face by Saint de Lisieux Thérèse (57)";https://www.gutenberg.org/ebooks/36708
5427;"Emile by Jean-Jacques Rousseau (57)";https://www.gutenberg.org/ebooks/5427
35018;"雲形紋章 by John Meade Falkner (56)";https://www.gutenberg.org/ebooks/35018
50316;"The Fables of La Fontaine by Jean de La Fontaine (56)";https://www.gutenberg.org/ebooks/50316
8775;"Poems by Victor Hugo (56)";https://www.gutenberg.org/ebooks/8775
20862;"Jerry's Reward by Evelyn Snead Barnett (56)";https://www.gutenberg.org/ebooks/20862
233;"Sister Carrie: A Novel by Theodore Dreiser (56)";https://www.gutenberg.org/ebooks/233
43660;"The Vision and Creed of Piers Ploughman, Volume 1 by William Langland (56)";https://www.gutenberg.org/ebooks/43660
2488;"Twenty Thousand Leagues Under the Seas: An Underwater Tour of the World by Jules Verne (56)";https://www.gutenberg.org/ebooks/2488
1021;"The Congo, and Other Poems by Vachel Lindsay (56)";https://www.gutenberg.org/ebooks/1021
12122;"The Monkey's Paw by W. W.  Jacobs (56)";https://www.gutenberg.org/ebooks/12122
20480;"Palmistry for All by Cheiro (56)";https://www.gutenberg.org/ebooks/20480
22400;"Fox's Book of Martyrs by John Foxe (56)";https://www.gutenberg.org/ebooks/22400
544;"Anne's House of Dreams by L. M.  Montgomery (56)";https://www.gutenberg.org/ebooks/544
37499;"Napoleon's Letters to Josephine, 1796-1812 by Emperor of the French Napoleon I (56)";https://www.gutenberg.org/ebooks/37499
3567;"Memoirs of Napoleon Bonaparte — Complete by Louis Antoine Fauvelet de Bourrienne (56)";https://www.gutenberg.org/ebooks/3567
2434;"New Atlantis by Francis Bacon (56)";https://www.gutenberg.org/ebooks/2434
60464;"El árbol de la ciencia: novela by Pío Baroja (56)";https://www.gutenberg.org/ebooks/60464
370;"The Fortunes and Misfortunes of the Famous Moll Flanders by Daniel Defoe (56)";https://www.gutenberg.org/ebooks/370
1635;"Ion by Plato (56)";https://www.gutenberg.org/ebooks/1635
10715;"The Essays of Arthur Schopenhauer; Counsels and Maxims by Arthur Schopenhauer (56)";https://www.gutenberg.org/ebooks/10715
77;"The House of the Seven Gables by Nathaniel Hawthorne (56)";https://www.gutenberg.org/ebooks/77
5307;"The Letters of Wolfgang Amadeus Mozart — Volume 01 by Wolfgang Amadeus Mozart (56)";https://www.gutenberg.org/ebooks/5307
5657;"The Practice of the Presence of God by Brother of the Resurrection Lawrence (56)";https://www.gutenberg.org/ebooks/5657
6378;"Victory: An Island Tale by Joseph Conrad (56)";https://www.gutenberg.org/ebooks/6378
70652;"At the mountains of madness by H. P.  Lovecraft (55)";https://www.gutenberg.org/ebooks/70652
130;"Orthodoxy by G. K.  Chesterton (55)";https://www.gutenberg.org/ebooks/130
49836;"Niebla (Nivola) by Miguel de Unamuno (55)";https://www.gutenberg.org/ebooks/49836
57629;"Lucian's Dialogues prepared for schools by of Samosata Lucian (55)";https://www.gutenberg.org/ebooks/57629
19517;"Le avventure di Pinocchio by Carlo Collodi (55)";https://www.gutenberg.org/ebooks/19517
62704;"The Natural History of Pliny, Volume 6 (of 6) by the Elder Pliny (55)";https://www.gutenberg.org/ebooks/62704
11945;"Essays of Schopenhauer by Arthur Schopenhauer (55)";https://www.gutenberg.org/ebooks/11945
876;"Life in the Iron-Mills; Or, The Korl Woman by Rebecca Harding Davis (55)";https://www.gutenberg.org/ebooks/876
36457;"A Treatise on Meteorological Instruments by Enrico Angelo Lodovico Negretti and Joseph Zambra (55)";https://www.gutenberg.org/ebooks/36457
31;"Plays of Sophocles: Oedipus the King; Oedipus at Colonus; Antigone by Sophocles (55)";https://www.gutenberg.org/ebooks/31
20038;"Frankenstein; Or, The Modern Prometheus by Mary Wollstonecraft Shelley (55)";https://www.gutenberg.org/ebooks/20038
2988;"Mark Twain: A Biography. Complete by Albert Bigelow Paine (55)";https://www.gutenberg.org/ebooks/2988
2445;"Letters on England by Voltaire (54)";https://www.gutenberg.org/ebooks/2445
6923;"The Miser by Molière (54)";https://www.gutenberg.org/ebooks/6923
6053;"Evelina, Or, the History of a Young Lady's Entrance into the World by Fanny Burney (54)";https://www.gutenberg.org/ebooks/6053
2226;"Kim by Rudyard Kipling (54)";https://www.gutenberg.org/ebooks/2226
14314;"Etiquette by Emily Post (54)";https://www.gutenberg.org/ebooks/14314
12753;"The Legends of King Arthur and His Knights by Sir James Knowles and Sir Thomas Malory (54)";https://www.gutenberg.org/ebooks/12753
65903;"Psychology of the Unconscious by C. G.  Jung (54)";https://www.gutenberg.org/ebooks/65903
61168;"The Man in the Brown Suit by Agatha Christie (54)";https://www.gutenberg.org/ebooks/61168
72344;"The decline of the West : by Oswald Spengler (54)";https://www.gutenberg.org/ebooks/72344
139;"The Lost World by Arthur Conan Doyle (54)";https://www.gutenberg.org/ebooks/139
59127;"A Memoir of Robert Blincoe, an Orphan Boy by John Brown (54)";https://www.gutenberg.org/ebooks/59127
48320;"Adventures of Sherlock Holmes by Arthur Conan Doyle (53)";https://www.gutenberg.org/ebooks/48320
598;"Heimskringla; Or, The Chronicle of the Kings of Norway by Snorri Sturluson (53)";https://www.gutenberg.org/ebooks/598
10643;"The World's Greatest Books — Volume 02 — Fiction (53)";https://www.gutenberg.org/ebooks/10643
20872;"The Best Short Stories of 1917, and the Yearbook of the American Short Story (53)";https://www.gutenberg.org/ebooks/20872
48247;"Prayers of the Early Church (53)";https://www.gutenberg.org/ebooks/48247
67799;"The Book of the Courtier by conte Baldassarre Castiglione (53)";https://www.gutenberg.org/ebooks/67799
40682;"Lulu's Library, Volume 1 (of 3) (53)";https://www.gutenberg.org/ebooks/40682
22448;"O Pioneers! by Willa Cather (53)";https://www.gutenberg.org/ebooks/22448
8300;"The Bible, Douay-Rheims, Complete (53)";https://www.gutenberg.org/ebooks/8300
708;"The Princess and the Goblin by George MacDonald (53)";https://www.gutenberg.org/ebooks/708
22951;"Tom Swift and His Aerial Warship; Or, The Naval Terror of the Seas by Victor Appleton (53)";https://www.gutenberg.org/ebooks/22951
28488;"Tartuffe; Or, The Hypocrite by Molière (53)";https://www.gutenberg.org/ebooks/28488
51060;"The Narrative of Arthur Gordon Pym of Nantucket by Edgar Allan Poe (53)";https://www.gutenberg.org/ebooks/51060
10940;"Manners, Customs, and Dress During the Middle Ages and During the Renaissance Period by P. L. Jacob (53)";https://www.gutenberg.org/ebooks/10940
14417;"The Agamemnon of Aeschylus by Aeschylus (53)";https://www.gutenberg.org/ebooks/14417
11136;"A Discourse Upon the Origin and the Foundation of the Inequality Among Mankind by Rousseau (53)";https://www.gutenberg.org/ebooks/11136
20604;"Christmas Poetry and Hymn Collection by Various (53)";https://www.gutenberg.org/ebooks/20604
1155;"The Secret Adversary by Agatha Christie (53)";https://www.gutenberg.org/ebooks/1155
20916;"The Arabian Nights: Their Best-known Tales (52)";https://www.gutenberg.org/ebooks/20916
15076;"Some Principles of Maritime Strategy by Julian Stafford Corbett (52)";https://www.gutenberg.org/ebooks/15076
479;"Little Lord Fauntleroy by Frances Hodgson Burnett (52)";https://www.gutenberg.org/ebooks/479
23077;"Jane Eyre by Charlotte Brontë (52)";https://www.gutenberg.org/ebooks/23077
26038;"Drawings and Pharmacy in Al-Zahrawi's 10th-Century Surgical Treatise by Sami Khalaf Hamarneh (52)";https://www.gutenberg.org/ebooks/26038
9603;"Hung Lou Meng, or, the Dream of the Red Chamber, a Chinese Novel, Book I by Xueqin Cao (52)";https://www.gutenberg.org/ebooks/9603
26272;"The Spy by James Fenimore Cooper (52)";https://www.gutenberg.org/ebooks/26272
38194;"An Inquiry Into the Nature and Causes of the Wealth of Nations by M.  Garnier and Adam Smith (52)";https://www.gutenberg.org/ebooks/38194
21854;"The Woman in Black by E. C.  Bentley (52)";https://www.gutenberg.org/ebooks/21854
52821;"Kant's Prolegomena to Any Future Metaphysics by Immanuel Kant (52)";https://www.gutenberg.org/ebooks/52821
21593;"Das Urteil: Eine Geschichte by Franz Kafka (52)";https://www.gutenberg.org/ebooks/21593
18947;"The Younger Edda; Also called Snorre's Edda, or The Prose Edda by Snorri Sturluson (52)";https://www.gutenberg.org/ebooks/18947
32037;"Eureka: A Prose Poem by Edgar Allan Poe (52)";https://www.gutenberg.org/ebooks/32037
5186;"Kalevala : the Epic Poem of Finland — Complete (52)";https://www.gutenberg.org/ebooks/5186
4320;"An Enquiry Concerning the Principles of Morals by David Hume (52)";https://www.gutenberg.org/ebooks/4320
41617;"A Complete Guide to Heraldry by Arthur Charles Fox-Davies (52)";https://www.gutenberg.org/ebooks/41617
60976;"Rip Van Winkle by Washington Irving (52)";https://www.gutenberg.org/ebooks/60976
20748;"Favorite Fairy Tales (51)";https://www.gutenberg.org/ebooks/20748
5658;"Lord Jim by Joseph Conrad (51)";https://www.gutenberg.org/ebooks/5658
9611;"Joseph Andrews, Vol. 1 by Henry Fielding (51)";https://www.gutenberg.org/ebooks/9611
5001;"Relativity : the Special and General Theory by Albert Einstein (51)";https://www.gutenberg.org/ebooks/5001
17611;"Summa Theologica, Part I (Prima Pars) by Saint Aquinas Thomas (51)";https://www.gutenberg.org/ebooks/17611
36702;"Verse and Worse by Harry Graham (51)";https://www.gutenberg.org/ebooks/36702
42078;"The Letters of Jane Austen by Jane Austen (51)";https://www.gutenberg.org/ebooks/42078
608;"Areopagitica by John Milton (51)";https://www.gutenberg.org/ebooks/608
28948;"The Rainbow by D. H.  Lawrence (51)";https://www.gutenberg.org/ebooks/28948
2274;"How to Live on 24 Hours a Day by Arnold Bennett (50)";https://www.gutenberg.org/ebooks/2274
43902;"Maring (Dangal at Lakas): Ulirang Buhay Tagalog by Aurelio Tolentino (50)";https://www.gutenberg.org/ebooks/43902
10607;"The Real Mother Goose (50)";https://www.gutenberg.org/ebooks/10607
36463;"Glacier National Park [Montana] by United States. Department of the Interior (50)";https://www.gutenberg.org/ebooks/36463
41667;"The Emerald City of Oz by L. Frank  Baum (50)";https://www.gutenberg.org/ebooks/41667
40766;"Nationalism by Rabindranath Tagore (50)";https://www.gutenberg.org/ebooks/40766
1041;"Shakespeare's Sonnets by William Shakespeare (50)";https://www.gutenberg.org/ebooks/1041
66332;"Good Newes from New England by Edward Winslow (50)";https://www.gutenberg.org/ebooks/66332
967;"Nicholas Nickleby by Charles Dickens (50)";https://www.gutenberg.org/ebooks/967
56006;"One Thousand Ways to Make Money by Page Fox (50)";https://www.gutenberg.org/ebooks/56006
29765;"Webster's Unabridged Dictionary by Various (50)";https://www.gutenberg.org/ebooks/29765
409;"Poems on various subjects, religious and moral by Phillis Wheatley (50)";https://www.gutenberg.org/ebooks/409
52205;"肉蒲團 by Yu Li (50)";https://www.gutenberg.org/ebooks/52205
1643;"Meno by Plato (50)";https://www.gutenberg.org/ebooks/1643
1750;"Laws by Plato (50)";https://www.gutenberg.org/ebooks/1750
10031;"The Complete Poetical Works of Edgar Allan Poe by Edgar Allan Poe (50)";https://www.gutenberg.org/ebooks/10031
55387;"One Hundred Proofs That the Earth Is Not a Globe by William Carpenter (50)";https://www.gutenberg.org/ebooks/55387
37884;"Folk-Tales of the Khasis by Mrs. Rafy (50)";https://www.gutenberg.org/ebooks/37884
1150;"The Danish History, Books I-IX by Grammaticus Saxo (50)";https://www.gutenberg.org/ebooks/1150
10897;"The Wendigo by Algernon Blackwood (50)";https://www.gutenberg.org/ebooks/10897
38503;"The Oxford Book of Latin Verse (50)";https://www.gutenberg.org/ebooks/38503
1063;"The Cask of Amontillado by Edgar Allan Poe (50)";https://www.gutenberg.org/ebooks/1063
13726;"Apology, Crito, and Phaedo of Socrates by Plato (50)";https://www.gutenberg.org/ebooks/13726
1653;"The Imitation of Christ by à Kempis Thomas (50)";https://www.gutenberg.org/ebooks/1653
42740;"Find the Woman by Arthur Somers Roche (49)";https://www.gutenberg.org/ebooks/42740
24878;"Lucy Maud Montgomery Short Stories, 1909 to 1922 by L. M.  Montgomery (49)";https://www.gutenberg.org/ebooks/24878
25780;"The Fire People by Ray Cummings (49)";https://www.gutenberg.org/ebooks/25780
70114;"The Big Four by Agatha Christie (49)";https://www.gutenberg.org/ebooks/70114
21186;"Записки из подполья by Fyodor Dostoyevsky (49)";https://www.gutenberg.org/ebooks/21186
14244;"The Romance of Tristan and Iseult by Joseph Bédier (49)";https://www.gutenberg.org/ebooks/14244
2643;"The History of John Bull by John Arbuthnot (49)";https://www.gutenberg.org/ebooks/2643
1717;"What's Wrong with the World by G. K.  Chesterton (49)";https://www.gutenberg.org/ebooks/1717
55752;"Dom Casmurro by Machado de Assis (49)";https://www.gutenberg.org/ebooks/55752
2992;"The Middle-Class Gentleman by Molière (49)";https://www.gutenberg.org/ebooks/2992
1051;"Sartor Resartus: The Life and Opinions of Herr Teufelsdröckh by Thomas Carlyle (49)";https://www.gutenberg.org/ebooks/1051
2302;"Poor Folk by Fyodor Dostoyevsky (49)";https://www.gutenberg.org/ebooks/2302
18251;"Latin for Beginners by Benjamin L.  D'Ooge (49)";https://www.gutenberg.org/ebooks/18251
963;"Little Dorrit by Charles Dickens (49)";https://www.gutenberg.org/ebooks/963
46853;"Le Morte Darthur by Sir Thomas Malory (49)";https://www.gutenberg.org/ebooks/46853
122;"The Return of the Native by Thomas Hardy (49)";https://www.gutenberg.org/ebooks/122
25929;"Daemonologie. by King of England James I (49)";https://www.gutenberg.org/ebooks/25929
26288;"To His Coy Mistress by Andrew Marvell (49)";https://www.gutenberg.org/ebooks/26288
74788;"Goethes Lebenskunst by Wilhelm Bode (49)";https://www.gutenberg.org/ebooks/74788
21342;"The Principles of English Versification by Paull F.  Baum (49)";https://www.gutenberg.org/ebooks/21342
13846;"Discours de la méthode by René Descartes (48)";https://www.gutenberg.org/ebooks/13846
73011;"The house at Pooh Corner by A. A.  Milne (48)";https://www.gutenberg.org/ebooks/73011
7241;"Fables of La Fontaine — a New Edition, with Notes by Jean de La Fontaine (48)";https://www.gutenberg.org/ebooks/7241
71031;"Principios e questões de philosophia politica (Vol. 1 of 2) by António Cândido (48)";https://www.gutenberg.org/ebooks/71031
17192;"The Raven by Edgar Allan Poe (48)";https://www.gutenberg.org/ebooks/17192
36020;"Slave Narratives: A Folk History of Slavery in the United States from Interviews with Former Slaves, (48)";https://www.gutenberg.org/ebooks/36020
1564;"Boswell's Life of Johnson by James Boswell (48)";https://www.gutenberg.org/ebooks/1564
69620;"Library of the best American literature (48)";https://www.gutenberg.org/ebooks/69620
57342;"The Lives and Opinions of Eminent Philosophers by Diogenes Laertius (48)";https://www.gutenberg.org/ebooks/57342
60479;"1900; or, The last President by Ingersoll Lockwood (48)";https://www.gutenberg.org/ebooks/60479
9730;"The Pickwick Papers by Charles Dickens (48)";https://www.gutenberg.org/ebooks/9730
23053;"Night of the Living Dead by George A. Romero (48)";https://www.gutenberg.org/ebooks/23053
39293;"The Gentlemen's Book of Etiquette and Manual of Politeness by Cecil B. Hartley (48)";https://www.gutenberg.org/ebooks/39293
27882;"Kościuszko by Monica M.  Gardner (48)";https://www.gutenberg.org/ebooks/27882
26203;"The Adventures of Tom Sawyer by Mark Twain (48)";https://www.gutenberg.org/ebooks/26203
28496;"Introduction to the Science of Sociology by E. W.  Burgess and Robert Ezra Park (48)";https://www.gutenberg.org/ebooks/28496
1726;"Theaetetus by Plato (48)";https://www.gutenberg.org/ebooks/1726
22472;"The Book of the Damned by Charles Fort (48)";https://www.gutenberg.org/ebooks/22472
31543;"A Concise Anglo-Saxon Dictionary by J. R. Clark  Hall (48)";https://www.gutenberg.org/ebooks/31543
72824;"The mystery of the Blue Train by Agatha Christie (48)";https://www.gutenberg.org/ebooks/72824
41562;"The Hanging Stranger by Philip K. Dick (48)";https://www.gutenberg.org/ebooks/41562
27279;"Southern Literature From 1579-1895 by Louise Manly (48)";https://www.gutenberg.org/ebooks/27279
28718;"Les crimes de l'amour by marquis de Sade (47)";https://www.gutenberg.org/ebooks/28718
59844;"The Science of Getting Rich by W. D. Wattles (47)";https://www.gutenberg.org/ebooks/59844
4361;"Memoirs of General William T. Sherman — Complete by William T.  Sherman (47)";https://www.gutenberg.org/ebooks/4361
22566;"Dorothy and the Wizard in Oz by L. Frank  Baum (47)";https://www.gutenberg.org/ebooks/22566
1268;"The Mysterious Island by Jules Verne (47)";https://www.gutenberg.org/ebooks/1268
28920;"War and Peace, Book 01: 1805 by graf Leo Tolstoy (47)";https://www.gutenberg.org/ebooks/28920
61130;"Ritual of the Order of the Eastern Star (47)";https://www.gutenberg.org/ebooks/61130
4791;"Voyage au Centre de la Terre by Jules Verne (47)";https://www.gutenberg.org/ebooks/4791
6852;"Venus in Furs by Ritter von Leopold Sacher-Masoch (47)";https://www.gutenberg.org/ebooks/6852
242;"My Ántonia by Willa Cather (47)";https://www.gutenberg.org/ebooks/242
55822;"Argonauts of the Western Pacific by Bronislaw Malinowski (47)";https://www.gutenberg.org/ebooks/55822
202;"My Bondage and My Freedom by Frederick Douglass (47)";https://www.gutenberg.org/ebooks/202
6647;"Der Zerbrochene Krug by Heinrich von Kleist (47)";https://www.gutenberg.org/ebooks/6647
45305;"The City of God, Volume II by Bishop of Hippo Saint Augustine (47)";https://www.gutenberg.org/ebooks/45305
42290;"A Hundred and Seventy Chinese Poems (47)";https://www.gutenberg.org/ebooks/42290
41214;"Totem and Taboo by Sigmund Freud (47)";https://www.gutenberg.org/ebooks/41214
6686;"The gardener by Rabindranath Tagore (47)";https://www.gutenberg.org/ebooks/6686
9660;"The First Blast of the Trumpet against the monstrous regiment of Women by John Knox (47)";https://www.gutenberg.org/ebooks/9660
21183;"Белые ночи by Fyodor Dostoyevsky (47)";https://www.gutenberg.org/ebooks/21183
3796;"Rilla of Ingleside by L. M.  Montgomery (47)";https://www.gutenberg.org/ebooks/3796
974;"The Secret Agent: A Simple Tale by Joseph Conrad (47)";https://www.gutenberg.org/ebooks/974
7439;"English Fairy Tales (47)";https://www.gutenberg.org/ebooks/7439
42796;"The Box-Car Children by Gertrude Chandler Warner (46)";https://www.gutenberg.org/ebooks/42796
700;"The Old Curiosity Shop by Charles Dickens (46)";https://www.gutenberg.org/ebooks/700
348;"Hesiod, the Homeric Hymns, and Homerica by Hesiod (46)";https://www.gutenberg.org/ebooks/348
14287;"L'île mystérieuse by Jules Verne (46)";https://www.gutenberg.org/ebooks/14287
17154;"The Condition, Elevation, Emigration, and Destiny of the Colored People of the United States (46)";https://www.gutenberg.org/ebooks/17154
30240;"The Big Trip Up Yonder by Kurt Vonnegut (46)";https://www.gutenberg.org/ebooks/30240
8299;"Filipino Popular Tales (46)";https://www.gutenberg.org/ebooks/8299
69683;"Men without women by Ernest Hemingway (46)";https://www.gutenberg.org/ebooks/69683
3178;"The Gilded Age: A Tale of Today by Mark Twain and Charles Dudley Warner (46)";https://www.gutenberg.org/ebooks/3178
74772;"The greatest story in the world, period 3 (of 3) : by Horace G.  Hutchinson (46)";https://www.gutenberg.org/ebooks/74772
42884;"The Philippine Islands, 1493-1898, Volume 33, 1519-1522 by Antonio Pigafetta (46)";https://www.gutenberg.org/ebooks/42884
2449;"The Common Law by Oliver Wendell Holmes (46)";https://www.gutenberg.org/ebooks/2449
28522;"Laura Middleton; Her Brother and her Lover by Anonymous (46)";https://www.gutenberg.org/ebooks/28522
38488;"Folk-Tales of Bengal by Lal Behari Day (46)";https://www.gutenberg.org/ebooks/38488
25703;"Northern Nut Growers Association Report of the Proceedings at the 44th Annual Meeting (46)";https://www.gutenberg.org/ebooks/25703
674;"Plutarch: Lives of the noble Grecians and Romans by Plutarch (46)";https://www.gutenberg.org/ebooks/674
1591;"Protagoras by Plato (46)";https://www.gutenberg.org/ebooks/1591
17700;"The Suppression of the African Slave Trade to the United States of America by W. E. B.  Du Bois (46)";https://www.gutenberg.org/ebooks/17700
17034;"English Fairy Tales by Flora Annie Webster Steel (46)";https://www.gutenberg.org/ebooks/17034
43391;"Appletons' Popular Science Monthly, December 1898 by Various (46)";https://www.gutenberg.org/ebooks/43391
37488;"Asgard Stories: Tales from Norse Mythology by Mabel H. Cummings and Mary H. Foster (46)";https://www.gutenberg.org/ebooks/37488
19;"The Song of Hiawatha by Henry Wadsworth Longfellow (46)";https://www.gutenberg.org/ebooks/19
4240;"Women in Love by D. H.  Lawrence (46)";https://www.gutenberg.org/ebooks/4240
60766;"The Discoverie of Witchcraft by Reginald Scot (46)";https://www.gutenberg.org/ebooks/60766
997;"Divina Commedia di Dante: Inferno by Dante Alighieri (46)";https://www.gutenberg.org/ebooks/997
1112;"The Tragedy of Romeo and Juliet by William Shakespeare (45)";https://www.gutenberg.org/ebooks/1112
21585;"The Secret Garden by Frances Hodgson Burnett (45)";https://www.gutenberg.org/ebooks/21585
41128;"The Kādambarī of Bāṇa by Bāṇa‏ and Bhūṣaṇabhaṭṭa (45)";https://www.gutenberg.org/ebooks/41128
15043;"The Works of the Right Honourable Edmund Burke, Vol. 01 (of 12) by Edmund Burke (45)";https://www.gutenberg.org/ebooks/15043
48225;"Collected Papers on Analytical Psychology by C. G.  Jung (45)";https://www.gutenberg.org/ebooks/48225
53038;"Language: Its Nature, Development and Origin by Otto Jespersen (45)";https://www.gutenberg.org/ebooks/53038
41371;"Erinnerungen an Leo N. Tolstoi by grafinia A. A.  Tolstaia (45)";https://www.gutenberg.org/ebooks/41371
754;"The Story of Mankind by Hendrik Willem Van Loon (45)";https://www.gutenberg.org/ebooks/754
45839;"Dracula by Bram Stoker (45)";https://www.gutenberg.org/ebooks/45839
21181;"Villette by Charlotte Brontë (45)";https://www.gutenberg.org/ebooks/21181
23933;"'Twas the Night Before Christmas by Clement Clarke Moore (45)";https://www.gutenberg.org/ebooks/23933
55998;"London Labour and the London Poor, Vol. 1 by Henry Mayhew (45)";https://www.gutenberg.org/ebooks/55998
26998;"Peter Pan in Kensington Gardens by J. M.  Barrie (45)";https://www.gutenberg.org/ebooks/26998
43302;""The Kingdom of God Is Within You" by graf Leo Tolstoy (45)";https://www.gutenberg.org/ebooks/43302
33504;"Opticks : by Isaac Newton (45)";https://www.gutenberg.org/ebooks/33504
309;"Rhymes of a Rolling Stone by Robert W.  Service (45)";https://www.gutenberg.org/ebooks/309
36238;"The Mantle, and Other Stories by Nikolai Vasilevich Gogol (45)";https://www.gutenberg.org/ebooks/36238
74776;"The early court of Queen Victoria by Clare Jerrold (45)";https://www.gutenberg.org/ebooks/74776
2021;"Nostromo: A Tale of the Seaboard by Joseph Conrad (45)";https://www.gutenberg.org/ebooks/2021
67961;"El arte de amar by Ovid (45)";https://www.gutenberg.org/ebooks/67961
3172;"Fenimore Cooper's Literary Offences by Mark Twain (45)";https://www.gutenberg.org/ebooks/3172
35173;"The Bacchae of Euripides by Euripides (45)";https://www.gutenberg.org/ebooks/35173
7524;"The Germany and the Agricola of Tacitus by Cornelius Tacitus (45)";https://www.gutenberg.org/ebooks/7524
4015;"The Hairy Ape by Eugene O'Neill (45)";https://www.gutenberg.org/ebooks/4015
18247;"The Last Man by Mary Wollstonecraft Shelley (45)";https://www.gutenberg.org/ebooks/18247
3013;"The Birds by Aristophanes (45)";https://www.gutenberg.org/ebooks/3013
2499;"Siddhartha: eine indische Dichtung by Hermann Hesse (45)";https://www.gutenberg.org/ebooks/2499
7213;"My Life and Work by Samuel Crowther and Henry Ford (45)";https://www.gutenberg.org/ebooks/7213
45580;"Woman, Church & State by Matilda Joslyn Gage (45)";https://www.gutenberg.org/ebooks/45580
8813;"Complete Prose Works by Walt Whitman (45)";https://www.gutenberg.org/ebooks/8813
3891;"Memoirs of the Court of Marie Antoinette, Queen of France, Complete by Mme.  Campan (45)";https://www.gutenberg.org/ebooks/3891
36542;"The American Occupation of the Philippines 1898-1912 by James H.  Blount (45)";https://www.gutenberg.org/ebooks/36542
25477;"The Curlytops on Star Island; Or, Camping out with Grandpa by Howard Roger Garis (45)";https://www.gutenberg.org/ebooks/25477
74222;"Demian by Hermann Hesse (45)";https://www.gutenberg.org/ebooks/74222
13042;"Knickerbocker's History of New York, Complete by Washington Irving (45)";https://www.gutenberg.org/ebooks/13042
42053;"Διδαχή των Δώδεκα αποστόλων = Teaching of the Twelve Apostles (44)";https://www.gutenberg.org/ebooks/42053
47677;"Ars Amatoria; or, The Art Of Love by Ovid (44)";https://www.gutenberg.org/ebooks/47677
56528;"Germinal by Émile Zola (44)";https://www.gutenberg.org/ebooks/56528
1977;"Phaedra by Jean Racine (44)";https://www.gutenberg.org/ebooks/1977
33900;"Principles of Orchestration, with Musical Examples Drawn from His Own Works by Rimsky-Korsakov (44)";https://www.gutenberg.org/ebooks/33900
19577;"Art and Heart by Ella Wheeler Wilcox (44)";https://www.gutenberg.org/ebooks/19577
3268;"The Mysteries of Udolpho by Ann Ward Radcliffe (44)";https://www.gutenberg.org/ebooks/3268
28521;"The Power of Mesmerism by Anonymous (44)";https://www.gutenberg.org/ebooks/28521
29895;"Criminal Man, According to the Classification of Cesare Lombroso by Gina Lombroso (44)";https://www.gutenberg.org/ebooks/29895
10679;"The Story of the Other Wise Man by Henry Van Dyke (44)";https://www.gutenberg.org/ebooks/10679
59023;"Index of the Project Gutenberg Works of Immanuel Kant by Immanuel Kant (44)";https://www.gutenberg.org/ebooks/59023
28299;"The Orbis Pictus by Johann Amos Comenius (44)";https://www.gutenberg.org/ebooks/28299
5000;"The Notebooks of Leonardo Da Vinci — Complete by da Vinci Leonardo (44)";https://www.gutenberg.org/ebooks/5000
49908;"Unterm Rad by Hermann Hesse (44)";https://www.gutenberg.org/ebooks/49908
28885;"Alice's Adventures in Wonderland by Lewis Carroll (44)";https://www.gutenberg.org/ebooks/28885
16464;"The Ancient Irish Epic Tale Táin Bó Cúalnge (44)";https://www.gutenberg.org/ebooks/16464
10554;"Right Ho, Jeeves by P. G.  Wodehouse (44)";https://www.gutenberg.org/ebooks/10554
2895;"Following the Equator: A Journey Around the World by Mark Twain (44)";https://www.gutenberg.org/ebooks/2895
20781;"Heidi by Johanna Spyri (44)";https://www.gutenberg.org/ebooks/20781
13701;"The Philippine Islands, 1493-1898 — Volume 07 of 55 (44)";https://www.gutenberg.org/ebooks/13701
57037;"The Prince by Niccolò Machiavelli (44)";https://www.gutenberg.org/ebooks/57037
21339;"The Works of Aphra Behn, Volume I by Aphra Behn (44)";https://www.gutenberg.org/ebooks/21339
13507;"Cuentos de Amor de Locura y de Muerte by Horacio Quiroga (44)";https://www.gutenberg.org/ebooks/13507
2085;"Cyropaedia: The Education of Cyrus by Xenophon (44)";https://www.gutenberg.org/ebooks/2085
664;"The Gutenberg Webster's Unabridged Dictionary: Section I, J, K, and L by Project Gutenberg (44)";https://www.gutenberg.org/ebooks/664
20676;"Genesis (44)";https://www.gutenberg.org/ebooks/20676
54824;"The Secret Doctrine, Vol. 1 of 4 by H. P.  Blavatsky (44)";https://www.gutenberg.org/ebooks/54824
5061;"The Children's Book of Christmas Stories (44)";https://www.gutenberg.org/ebooks/5061
26264;"The Return of the Native by Thomas Hardy (44)";https://www.gutenberg.org/ebooks/26264
20776;"Encyclopedia of Needlework by Thérèse de Dillmont (44)";https://www.gutenberg.org/ebooks/20776
33550;"Encyclopaedia Britannica, 11th Edition, "Bisharin" to "Bohea" by Various (43)";https://www.gutenberg.org/ebooks/33550
40426;"Daddy-Long-Legs by Jean Webster (43)";https://www.gutenberg.org/ebooks/40426
10150;"Dracula's Guest by Bram Stoker (43)";https://www.gutenberg.org/ebooks/10150
17161;"Max und Moritz: Eine Bubengeschichte in sieben Streichen by Wilhelm Busch (43)";https://www.gutenberg.org/ebooks/17161
10381;"The History of a Crime by Victor Hugo (43)";https://www.gutenberg.org/ebooks/10381
218;"C. Iuli Caesaris De Bello Gallico, I-IV by Julius Caesar (43)";https://www.gutenberg.org/ebooks/218
1152;"The Story of the Volsungs (Volsunga Saga); with Excerpts from the Poetic Edda (43)";https://www.gutenberg.org/ebooks/1152
57628;"The Principles of Psychology, Volume 1 (of 2) by William James (43)";https://www.gutenberg.org/ebooks/57628
2428;"An Essay on Man; Moral Essays and Satires by Alexander Pope (43)";https://www.gutenberg.org/ebooks/2428
29220;"Monday or Tuesday by Virginia Woolf (43)";https://www.gutenberg.org/ebooks/29220
50724;"William Shakespeare: A Critical Study by Georg Brandes (43)";https://www.gutenberg.org/ebooks/50724
8700;"The Evolution of Man by Ernst Haeckel (43)";https://www.gutenberg.org/ebooks/8700
204;"The innocence of Father Brown by G. K.  Chesterton (43)";https://www.gutenberg.org/ebooks/204
57493;"The Natural History of Pliny, Volume 1 (of 6) by the Elder Pliny (43)";https://www.gutenberg.org/ebooks/57493
19406;"Scientific  American, Volume XXXVI., No. 8, February 24, 1877 by Various (43)";https://www.gutenberg.org/ebooks/19406
34089;"The Celestial Omnibus, and Other Stories by E. M.  Forster (43)";https://www.gutenberg.org/ebooks/34089
35461;"A Short History of the World by H. G.  Wells (43)";https://www.gutenberg.org/ebooks/35461
1298;"The Virginian: A Horseman of the Plains by Owen Wister (43)";https://www.gutenberg.org/ebooks/1298
23817;"閱微草堂筆記 by Yun Ji (43)";https://www.gutenberg.org/ebooks/23817
29827;"The Life and Amours of the Beautiful, Gay and Dashing Kate Percival by Kate Percival (43)";https://www.gutenberg.org/ebooks/29827
4018;"Japanese Fairy Tales by Yei Theodora Ozaki (42)";https://www.gutenberg.org/ebooks/4018
28946;"Gulliver's Travels by Jonathan Swift (42)";https://www.gutenberg.org/ebooks/28946
68236;"The colour out of space by H. P.  Lovecraft (42)";https://www.gutenberg.org/ebooks/68236
2776;"The Four Million by O. Henry (42)";https://www.gutenberg.org/ebooks/2776
27238;"Woodworking Tools 1600-1900 by Peter C. Welsh (42)";https://www.gutenberg.org/ebooks/27238
23772;"Devotions Upon Emergent Occasions; Together with Death's Duel by John Donne (42)";https://www.gutenberg.org/ebooks/23772
12949;"Contes Français (42)";https://www.gutenberg.org/ebooks/12949
